{
  "parent": "item/generated",
  "textures": {
    "layer0": "irons_spellbooks:item/autoloader_crossbow_standby"
  },
  "display": {
    "thirdperson_righthand": {
      "rotation": [
        -90,
        0,
        -60
      ],
      "translation": [
        2,
        0.1,
        -3
      ],
      "scale": [
        0.9,
        0.9,
        0.9
      ]
    },
    "thirdperson_lefthand": {
      "rotation": [
        -90,
        0,
        30
      ],
      "translation": [
        2,
        0.1,
        -3
      ],
      "scale": [
        0.9,
        0.9,
        0.9
      ]
    },
    "firstperson_righthand": {
      "rotation": [
        -90,
        0,
        -55
      ],
      "translation": [
        1.13,
        3.2,
        1.13
      ],
      "scale": [
        0.68,
        0.68,
        0.68
      ]
    },
    "firstperson_lefthand": {
      "rotation": [
        -90,
        0,
        35
      ],
      "translation": [
        1.13,
        3.2,
        1.13
      ],
      "scale": [
        0.68,
        0.68,
        0.68
      ]
    }
  },
  "overrides": [
    {
      "model": "irons_spellbooks:item/autoloader_crossbow_pulling_0",
      "predicate": {
        "pulling": 1
      }
    },
    {
      "model": "irons_spellbooks:item/autoloader_crossbow_pulling_1",
      "predicate": {
        "pulling": 1,
        "pull": 0.15
      }
    },
    {
      "model": "irons_spellbooks:item/autoloader_crossbow_pulling_2",
      "predicate": {
        "pulling": 1,
        "pull": 0.3
      }
    },
    {
      "model": "irons_spellbooks:item/autoloader_crossbow_pulling_3",
      "predicate": {
        "pulling": 1,
        "pull": 0.45
      }
    },
    {
      "model": "irons_spellbooks:item/autoloader_crossbow_pulling_4",
      "predicate": {
        "pulling": 1,
        "pull": 0.6
      }
    },
    {
      "model": "irons_spellbooks:item/autoloader_crossbow_pulling_5",
      "predicate": {
        "pulling": 1,
        "pull": 0.75
      }
    },
    {
      "model": "irons_spellbooks:item/autoloader_crossbow_pulling_6",
      "predicate": {
        "pulling": 1,
        "pull": 0.9
      }
    },
    {
      "predicate": {
        "charged": 1
      },
      "model": "irons_spellbooks:item/autoloader_crossbow_arrow"
    },
    {
      "predicate": {
        "charged": 1,
        "firework": 1
      },
      "model": "irons_spellbooks:item/autoloader_crossbow_firework"
    }
  ]
}