{
	"credit": "Made with Blockbench",
	"textures": {
		"0": "irons_spellbooks:item/blood_staff",
		"particle": "irons_spellbooks:item/blood_staff"
	},
	"elements": [
		{
			"from": [7.5, -9, 7.5],
			"to": [8.5, 16, 8.5],
			"rotation": {"angle": 0, "axis": "y", "origin": [0, -9, 0]},
			"faces": {
				"north": {"uv": [5.5, 3.5, 6, 16], "texture": "#0"},
				"east": {"uv": [5.5, 3.5, 5, 16], "texture": "#0"},
				"south": {"uv": [5.5, 3.5, 6, 16], "texture": "#0"},
				"west": {"uv": [5.5, 3.5, 5, 16], "texture": "#0"},
				"up": {"uv": [0, 1, 1, 2], "texture": "#0"},
				"down": {"uv": [0, 2, 1, 3], "texture": "#0"}
			}
		},
		{
			"from": [8, 2, 8],
			"to": [8, 7, 11],
			"rotation": {"angle": 0, "axis": "y", "origin": [0, -9, 0]},
			"faces": {
				"north": {"uv": [0, 0, 0, 5], "texture": "#0"},
				"east": {"uv": [3.5, 8, 5, 10.5], "texture": "#0"},
				"south": {"uv": [0, 0, 0, 5], "texture": "#0"},
				"west": {"uv": [5, 8, 3.5, 10.5], "texture": "#0"},
				"up": {"uv": [0, 0, 0, 3], "texture": "#0"},
				"down": {"uv": [0, 0, 0, 3], "texture": "#0"}
			}
		},
		{
			"from": [8, 2, 5],
			"to": [8, 7, 8],
			"rotation": {"angle": 0, "axis": "y", "origin": [0, -9, 0]},
			"faces": {
				"north": {"uv": [0, 0, 0, 5], "texture": "#0"},
				"east": {"uv": [6, 8, 7.5, 10.5], "texture": "#0"},
				"south": {"uv": [0, 0, 0, 5], "texture": "#0"},
				"west": {"uv": [7.5, 8, 6, 10.5], "texture": "#0"},
				"up": {"uv": [0, 0, 0, 3], "texture": "#0"},
				"down": {"uv": [0, 0, 0, 3], "texture": "#0"}
			}
		},
		{
			"from": [8, 2, 8],
			"to": [11, 7, 8],
			"rotation": {"angle": 0, "axis": "y", "origin": [0, -9, 0]},
			"faces": {
				"north": {"uv": [3.5, 8, 5, 10.5], "texture": "#0"},
				"east": {"uv": [0, 0, 0, 5], "texture": "#0"},
				"south": {"uv": [5, 8, 3.5, 10.5], "texture": "#0"},
				"west": {"uv": [0, 0, 0, 5], "texture": "#0"},
				"up": {"uv": [0, 0, 3, 0], "texture": "#0"},
				"down": {"uv": [0, 0, 3, 0], "texture": "#0"}
			}
		},
		{
			"from": [5, 2, 8],
			"to": [8, 7, 8],
			"rotation": {"angle": 0, "axis": "y", "origin": [0, -9, 0]},
			"faces": {
				"north": {"uv": [6, 8, 7.5, 10.5], "texture": "#0"},
				"east": {"uv": [0, 0, 0, 5], "texture": "#0"},
				"south": {"uv": [7.5, 8, 6, 10.5], "texture": "#0"},
				"west": {"uv": [0, 0, 0, 5], "texture": "#0"},
				"up": {"uv": [0, 0, 3, 0], "texture": "#0"},
				"down": {"uv": [0, 0, 3, 0], "texture": "#0"}
			}
		},
		{
			"from": [3, 12, 8],
			"to": [8, 23, 8],
			"rotation": {"angle": -45, "axis": "y", "origin": [8, 16, 8]},
			"faces": {
				"north": {"uv": [5.5, 0, 8, 5.5], "texture": "#0"},
				"east": {"uv": [3.5, 0, 2.5, 5.5], "texture": "#0"},
				"south": {"uv": [3, 0, 5.5, 5.5], "texture": "#0"},
				"west": {"uv": [0, 0, 0, 11], "texture": "#0"},
				"up": {"uv": [0, 0, 10, 0], "texture": "#0"},
				"down": {"uv": [0, 0, 10, 0], "texture": "#0"}
			}
		},
		{
			"from": [3, 12, 8],
			"to": [8, 23, 8],
			"rotation": {"angle": 45, "axis": "y", "origin": [8, 16, 8]},
			"faces": {
				"north": {"uv": [5.5, 0, 8, 5.5], "texture": "#0"},
				"east": {"uv": [3.5, 0, 2.5, 5.5], "texture": "#0"},
				"south": {"uv": [3, 0, 5.5, 5.5], "texture": "#0"},
				"west": {"uv": [0, 0, 0, 11], "texture": "#0"},
				"up": {"uv": [0, 0, 10, 0], "texture": "#0"},
				"down": {"uv": [0, 0, 10, 0], "texture": "#0"}
			}
		},
		{
			"from": [8, 12, 8],
			"to": [13, 23, 8],
			"rotation": {"angle": 45, "axis": "y", "origin": [8, 16, 8]},
			"faces": {
				"north": {"uv": [3, 0, 5.5, 5.5], "texture": "#0"},
				"east": {"uv": [0, 0, 0, 11], "texture": "#0"},
				"south": {"uv": [5.5, 0, 8, 5.5], "texture": "#0"},
				"west": {"uv": [3.5, 0, 2.5, 5.5], "texture": "#0"},
				"up": {"uv": [0, 0, 10, 0], "rotation": 180, "texture": "#0"},
				"down": {"uv": [0, 0, 10, 0], "rotation": 180, "texture": "#0"}
			}
		},
		{
			"from": [8, 12, 8],
			"to": [8, 23, 13],
			"rotation": {"angle": 45, "axis": "y", "origin": [8, 16, 8]},
			"faces": {
				"north": {"uv": [3.5, 0, 2.5, 5.5], "texture": "#0"},
				"east": {"uv": [3, 0, 5.5, 5.5], "texture": "#0"},
				"south": {"uv": [0, 0, 0, 11], "texture": "#0"},
				"west": {"uv": [5.5, 0, 8, 5.5], "texture": "#0"},
				"up": {"uv": [0, 0, 10, 0], "rotation": 270, "texture": "#0"},
				"down": {"uv": [0, 0, 10, 0], "rotation": 90, "texture": "#0"}
			}
		},
		{
			"from": [7, 18, 7],
			"to": [9, 20, 9],
			"rotation": {"angle": 0, "axis": "y", "origin": [0, -9, 0]},
			"faces": {
				"north": {"uv": [10, 2, 11, 3], "texture": "#0"},
				"east": {"uv": [11, 2, 10, 3], "texture": "#0"},
				"south": {"uv": [10, 2, 11, 3], "texture": "#0"},
				"west": {"uv": [11, 2, 10, 3], "texture": "#0"},
				"up": {"uv": [10, 1, 11, 2], "texture": "#0"},
				"down": {"uv": [11, 1, 12, 2], "texture": "#0"}
			}
		}
	],
	"gui_light": "front",
	"display": {
		"thirdperson_righthand": {
			"translation": [0, 3, 1.25]
		},
		"thirdperson_lefthand": {
			"translation": [0, 3, 1.25]
		},
		"firstperson_righthand": {
			"translation": [1.5, 4, -2.75]
		},
		"firstperson_lefthand": {
			"translation": [1.5, 4, -2.75]
		},
		"ground": {
			"translation": [0, 9.5, 0],
			"scale": [0.5, 0.5, 0.5]
		},
		"gui": {
			"rotation": [0, 57, 19],
			"translation": [0, 2.75, 0],
			"scale": [0.75, 0.75, 0.75]
		},
		"fixed": {
			"translation": [0, 0.25, -1.5]
		}
	},
	"groups": [
		{
			"name": "Stick",
			"origin": [0, 0, 0],
			"color": 0,
			"children": [0, 1, 2, 3, 4]
		},
		{
			"name": "Staff_top",
			"origin": [8, 8, 8],
			"color": 0,
			"children": [
				5,
				6,
				7,
				8,
				{
					"name": "orb",
					"origin": [8, 8, 8],
					"color": 0,
					"children": [9]
				}
			]
		}
	]
}