{
  "parent": "irons_spellbooks:block/inscription_table",
  "display": {
    "thirdperson_righthand": {
      "rotation": [ 30, 250, 0 ],
      "translation": [ 0, 3, -2],
      "scale":[ 0.23, 0.23, 0.23]
    },
    "firstperson_righthand": {
      "rotation": [ 30, 250, 0 ],
      "translation": [ 0, 3, 0],
      "scale":[ 0.375, 0.375, 0.375]
    },
    "gui": {
      "rotation": [ 30, 250, 0 ],
      "translation": [ 2, 3, 0],
      "scale":[ 0.5325, 0.5325, 0.5325]
    },
    "ground": {
      "rotation": [ 0, 90, 0 ],
      "translation": [ 0, 1, 2],
      "scale":[ 0.25, 0.25, 0.25]
    },
    "head": {
      "rotation": [ 0, 180, 0 ],
      "translation": [ 0, 10, -8],
      "scale":[ 1,1,1 ]
    },
    "fixed": {
      "rotation": [ 270, 0, 0 ],
      "translation": [ 0, 4, -2],
      "scale":[ 0.5, 0.5, 0.5]
    }
  }
}
