{
  "parent": "item/generated",
  "display": {
    "thirdperson_righthand": {
      "rotation": [ 0, -90, 0 ],
      "translation": [ 0, 2.0, 0.5 ],
      "scale": [ 0.42, 0.42, 0.42 ]
    },
    "thirdperson_lefthand": {
      "rotation": [ 0, 90, 0 ],
      "translation": [ 0, 2.0, 0.5 ],
      "scale": [ 0.42, 0.42, 0.42 ]
    },
    "firstperson_righthand": {
      "rotation": [ 0, -90, 25 ],
      "translation": [ 1.13, 3.2, 1.13 ],
      "scale": [ 0.68, 0.68, 0.68 ]
    },
    "firstperson_lefthand": {
      "rotation": [ 0, 90, -25 ],
      "translation": [ 1.13, 3.2, 1.13 ],
      "scale": [ 0.68, 0.68, 0.68 ]
    }
  }
}
