{
	"credit": "Made with Blockbench",
	"textures": {
		"1": "irons_spellbooks:item/staff_of_the_nines_stick",
		"3": "irons_spellbooks:item/staff_of_the_nines_orb",
		"particle": "irons_spellbooks:item/staff_of_the_nines_stick"
	},
	"elements": [
		{
			"from": [6.92604, 13.47716, 7.5],
			"to": [7.92604, 16.47716, 8.5],
			"rotation": {"angle": -22.5, "axis": "z", "origin": [7.42604, 12.97716, 8]},
			"faces": {
				"north": {"uv": [8, 2, 9, 5], "texture": "#1"},
				"east": {"uv": [4, 8, 5, 11], "texture": "#1"},
				"south": {"uv": [5, 8, 6, 11], "texture": "#1"},
				"west": {"uv": [8, 5, 9, 8], "texture": "#1"},
				"up": {"uv": [14, 2, 13, 1], "texture": "#1"},
				"down": {"uv": [5, 13, 4, 14], "texture": "#1"}
			}
		},
		{
			"from": [7.66221, 16.78451, 7.5],
			"to": [8.66221, 22.78451, 8.5],
			"rotation": {"angle": -22.5, "axis": "z", "origin": [8.66221, 20.28451, 8]},
			"faces": {
				"north": {"uv": [6, 8, 7, 11], "texture": "#1"},
				"east": {"uv": [7, 8, 8, 11], "texture": "#1"},
				"south": {"uv": [8, 8, 9, 11], "texture": "#1"},
				"west": {"uv": [9, 2, 10, 5], "texture": "#1"},
				"up": {"uv": [8, 14, 7, 13], "texture": "#1"},
				"down": {"uv": [9, 13, 8, 14], "texture": "#1"}
			}
		},
		{
			"from": [5.66221, 20.78451, 6.5],
			"to": [9.66221, 21.78451, 9.5],
			"rotation": {"angle": 0, "axis": "z", "origin": [8.66221, 20.28451, 8]},
			"faces": {
				"north": {"uv": [16, 16, 12, 15], "texture": "#1"},
				"east": {"uv": [16, 16, 13, 15], "texture": "#1"},
				"south": {"uv": [16, 14, 12, 13], "texture": "#1"},
				"west": {"uv": [16, 14, 13, 13], "texture": "#1"},
				"up": {"uv": [16, 16, 12, 13], "texture": "#1"},
				"down": {"uv": [16, 16, 12, 13], "texture": "#1"}
			}
		},
		{
			"from": [6.01, 18.88687, 6.66761],
			"to": [7.99, 23.88687, 8.66761],
			"rotation": {"angle": -22.5, "axis": "x", "origin": [7, 21.88687, 7.66761]},
			"faces": {
				"north": {"uv": [4, 4, 6, 9], "texture": "#3"},
				"east": {"uv": [6, 4, 8, 9], "texture": "#3"},
				"south": {"uv": [8, 0, 10, 5], "texture": "#3"},
				"west": {"uv": [8, 5, 10, 10], "texture": "#3"},
				"up": {"uv": [6, 11, 4, 9], "texture": "#3"},
				"down": {"uv": [8, 9, 6, 11], "texture": "#3"}
			}
		},
		{
			"from": [6, 22.5, 1.5],
			"to": [8, 24.5, 8],
			"rotation": {"angle": 0, "axis": "y", "origin": [-1, 17.5, -3]},
			"faces": {
				"north": {"uv": [10, 0, 12, 2], "texture": "#3"},
				"east": {"uv": [0, 0, 8, 2], "texture": "#3"},
				"south": {"uv": [10, 2, 12, 4], "texture": "#3"},
				"west": {"uv": [0, 2, 8, 4], "texture": "#3"},
				"up": {"uv": [2, 12, 0, 4], "texture": "#3"},
				"down": {"uv": [4, 4, 2, 12], "texture": "#3"}
			}
		},
		{
			"from": [7, 21.5, 5.75],
			"to": [7, 22.5, 6.75],
			"rotation": {"angle": 0, "axis": "y", "origin": [-1, 17.5, -2.25]},
			"faces": {
				"north": {"uv": [0, 0, 0, 1], "texture": "#3"},
				"east": {"uv": [3, 12, 4, 13], "texture": "#3"},
				"south": {"uv": [0, 0, 0, 1], "texture": "#3"},
				"west": {"uv": [12, 3, 13, 4], "texture": "#3"},
				"up": {"uv": [0, 1, 0, 0], "texture": "#3"},
				"down": {"uv": [0, 0, 0, 1], "texture": "#3"}
			}
		},
		{
			"from": [7, 24, 2],
			"to": [7, 25, 3],
			"rotation": {"angle": 0, "axis": "y", "origin": [-1, 17.5, -2.25]},
			"faces": {
				"north": {"uv": [0, 0, 0, 1], "texture": "#3"},
				"east": {"uv": [3, 12, 4, 13], "texture": "#3"},
				"south": {"uv": [0, 0, 0, 1], "texture": "#3"},
				"west": {"uv": [12, 3, 13, 4], "texture": "#3"},
				"up": {"uv": [0, 1, 0, 0], "texture": "#3"},
				"down": {"uv": [0, 0, 0, 1], "texture": "#3"}
			}
		},
		{
			"from": [6.02, 22.51, 7.01],
			"to": [7.98, 23.9, 7.99],
			"rotation": {"angle": 45, "axis": "x", "origin": [7, 22.5, 8]},
			"faces": {
				"north": {"uv": [10, 4, 12, 6], "texture": "#3"},
				"east": {"uv": [6, 11, 7, 13], "texture": "#3"},
				"south": {"uv": [10, 6, 12, 8], "texture": "#3"},
				"west": {"uv": [7, 11, 8, 13], "texture": "#3"},
				"up": {"uv": [12, 10, 10, 9], "texture": "#3"},
				"down": {"uv": [10, 11, 8, 12], "texture": "#3"}
			}
		},
		{
			"from": [6.01, 23.5, 8],
			"to": [7.99, 24.5, 9],
			"rotation": {"angle": 0, "axis": "y", "origin": [7, 24.5, 8]},
			"faces": {
				"north": {"uv": [10, 4, 11.98, 5], "texture": "#3"},
				"east": {"uv": [6, 11, 7, 12], "texture": "#3"},
				"south": {"uv": [10, 6, 11.98, 7], "texture": "#3"},
				"west": {"uv": [7, 11, 8, 12], "texture": "#3"},
				"up": {"uv": [11.98, 10, 10, 9], "texture": "#3"},
				"down": {"uv": [9.98, 11, 8, 12], "texture": "#3"}
			}
		},
		{
			"from": [5.75249, 14.99427, 7.5],
			"to": [6.75249, 17.99427, 8.5],
			"rotation": {"angle": 45, "axis": "z", "origin": [6.75249, 18.49427, 8]},
			"faces": {
				"north": {"uv": [10, 6, 11, 9], "texture": "#1"},
				"east": {"uv": [10, 9, 11, 12], "texture": "#1"},
				"south": {"uv": [11, 0, 12, 3], "texture": "#1"},
				"west": {"uv": [11, 3, 12, 6], "texture": "#1"},
				"up": {"uv": [10, 14, 9, 13], "texture": "#1"},
				"down": {"uv": [14, 9, 13, 10], "texture": "#1"}
			}
		},
		{
			"from": [7.5, 2.5, 7.5],
			"to": [8.5, 14.5, 8.5],
			"rotation": {"angle": 0, "axis": "y", "origin": [0, -4.5, 0]},
			"faces": {
				"north": {"uv": [10, 0, 11, 12], "texture": "#1"},
				"east": {"uv": [10, 0, 11, 12], "texture": "#1"},
				"south": {"uv": [10, 0, 11, 12], "texture": "#1"},
				"west": {"uv": [10, 0, 11, 12], "texture": "#1"},
				"up": {"uv": [14, 11, 13, 10], "texture": "#1"},
				"down": {"uv": [12, 13, 11, 14], "texture": "#1"}
			}
		},
		{
			"from": [7.5, -9.5, 7.5],
			"to": [8.5, 2.5, 8.5],
			"rotation": {"angle": 0, "axis": "y", "origin": [0, -16.5, 0]},
			"faces": {
				"north": {"uv": [0, 0, 1, 12], "texture": "#1"},
				"east": {"uv": [1, 0, 2, 12], "texture": "#1"},
				"south": {"uv": [2, 0, 3, 12], "texture": "#1"},
				"west": {"uv": [3, 0, 4, 12], "texture": "#1"},
				"up": {"uv": [14, 11, 13, 10], "texture": "#1"},
				"down": {"uv": [12, 13, 11, 14], "texture": "#1"}
			}
		},
		{
			"from": [7, -11.5, 7],
			"to": [9, -9.5, 9],
			"rotation": {"angle": 45, "axis": "x", "origin": [8, -10.5, 8]},
			"faces": {
				"north": {"uv": [6, 0, 8, 2], "texture": "#1"},
				"east": {"uv": [6, 2, 8, 4], "texture": "#1"},
				"south": {"uv": [4, 6, 6, 8], "texture": "#1"},
				"west": {"uv": [6, 4, 8, 6], "texture": "#1"},
				"up": {"uv": [8, 8, 6, 6], "texture": "#1"},
				"down": {"uv": [10, 0, 8, 2], "texture": "#1"}
			}
		}
	],
	"gui_light": "front",
	"display": {
		"thirdperson_righthand": {
			"translation": [0, 3, 1.25]
		},
		"thirdperson_lefthand": {
			"translation": [0, 3, 1.25]
		},
		"firstperson_righthand": {
			"translation": [1.5, 0, -2.75]
		},
		"firstperson_lefthand": {
			"translation": [1.5, 0, -2.75]
		},
		"ground": {
			"translation": [0, 9.5, 0],
			"scale": [0.5, 0.5, 0.5]
		},
		"gui": {
			"rotation": [0, 57, 19],
			"translation": [0, 2.75, 0],
			"scale": [0.75, 0.75, 0.75]
		},
		"fixed": {
			"translation": [0, 0.25, -1.5]
		}
	},
	"groups": [
		{
			"name": "wand",
			"origin": [8, 13, 8],
			"color": 0,
			"children": [
				0,
				1,
				2,
				{
					"name": "group",
					"origin": [8, 10.5, 11],
					"color": 0,
					"children": [3, 4, 5, 6, 7, 8]
				},
				9,
				10,
				11,
				12
			]
		}
	]
}