{
  "parent": "minecraft:item/generated",
  "display": {
    "thirdperson_righthand": {
      "rotation": [
        0,
        -90,
        55
      ],
      "translation": [
        0,
        8.5,
        0
      ],
      "scale": [
        1.7,
        1.7,
        0.85
      ]
    },
    "thirdperson_lefthand": {
      "rotation": [
        0,
        90,
        -55
      ],
      "translation": [
        0,
        8.5,
        0
      ],
      "scale": [
        1.7,
        1.7,
        0.85
      ]
    },
    "firstperson_righthand": {
      "rotation": [
        0,
        -90,
        25
      ],
      "translation": [
        1.13,
        7.2,
        1.13
      ],
      "scale": [
        1.7,
        1.7,
        0.85
      ]
    },
    "firstperson_lefthand": {
      "rotation": [
        0,
        90,
        -25
      ],
      "translation": [
        1.13,
        7.2,
        1.13
      ],
      "scale": [
        1.7,
        1.7,
        0.85
      ]
    },
    "fixed": {
      "rotation": [
        0,
        180,
        0
      ],
      "scale": [
        2,
        2,
        1
      ]
    },
    "gui": {
      "rotation": [
        0,
        0,
        0
      ],
      "scale": [
        2,
        2,
        1
      ]
    },
    "ground": {
      "rotation": [
        0,
        0,
        0
      ],
      "translation": [
        0,
        2,
        0
      ],
      "scale": [
        1,
        1,
        0.5
      ]
    }
  }
}