{
	"credit": "Made with Blockbench",
	"texture_size": [64, 64],
	"textures": {
		"0": "irons_spellbooks:item/spell_book_models/villager_spell_book",
		"particle": "irons_spellbooks:item/spell_book_models/villager_spell_book"
	},
	"elements": [
		{
			"from": [9, 0, 3],
			"to": [10, 7, 13],
			"faces": {
				"north": {"uv": [2.5, 2.25, 2.75, 4], "texture": "#0"},
				"east": {"uv": [0, 2.25, 2.5, 4], "texture": "#0"},
				"south": {"uv": [5.25, 2.25, 5.5, 4], "texture": "#0"},
				"west": {"uv": [2.75, 2.25, 5.25, 4], "texture": "#0"},
				"up": {"uv": [0.25, 6.5, 0, 4], "texture": "#0"},
				"down": {"uv": [0.5, 4, 0.25, 6.5], "texture": "#0"}
			}
		},
		{
			"from": [6, 0, 3],
			"to": [7, 7, 13],
			"faces": {
				"north": {"uv": [5.25, 2.25, 5.5, 4], "texture": "#0"},
				"east": {"uv": [2.75, 2.25, 5.25, 4], "texture": "#0"},
				"south": {"uv": [2.5, 2.25, 2.75, 4], "texture": "#0"},
				"west": {"uv": [2.5, 2.25, 0, 4], "texture": "#0"},
				"up": {"uv": [0.25, 6.5, 0, 4], "texture": "#0"},
				"down": {"uv": [0.5, 4, 0.25, 6.5], "texture": "#0"}
			}
		},
		{
			"from": [7, 6, 3],
			"to": [9, 7, 13],
			"faces": {
				"north": {"uv": [2.5, 7.75, 3, 8], "texture": "#0"},
				"east": {"uv": [0, 7.75, 2.5, 8], "texture": "#0"},
				"south": {"uv": [5.5, 7.75, 6, 8], "texture": "#0"},
				"west": {"uv": [3, 7.75, 5.5, 8], "texture": "#0"},
				"up": {"uv": [3, 7.75, 2.5, 5.25], "texture": "#0"},
				"down": {"uv": [3.5, 5.25, 3, 7.75], "texture": "#0"}
			}
		},
		{
			"from": [7, 1, 4],
			"to": [9, 6, 12],
			"faces": {
				"north": {"uv": [5, 4, 5.5, 5.25], "texture": "#0"},
				"east": {"uv": [3, 4, 5, 5.25], "texture": "#0"},
				"south": {"uv": [7.5, 4, 8, 5.25], "texture": "#0"},
				"west": {"uv": [5.5, 4, 7.5, 5.25], "texture": "#0"},
				"up": {"uv": [5.5, 4, 5, 2], "texture": "#0"},
				"down": {"uv": [6, 2, 5.5, 4], "texture": "#0"}
			}
		}
	],
	  "parent": "irons_spellbooks:item/template_spell_book_model"
}