{
	"credit": "Made with Blockbench",
	"parent":"block/block",
	"ambientocclusion": false,
	"texture_size": [64, 64],
	"textures": {
		"0": "irons_spellbooks:block/alchemist_cauldron",
		"particle": "irons_spellbooks:block/alchemist_cauldron_side"
	},
	"elements": [
		{
			"name": "bottom",
			"from": [2, 2, 2],
			"to": [14, 4, 14],
			"faces": {
				"up": {"uv": [0.5, 0.5, 3.5, 3.5], "texture": "#0"},
				"down": {"uv": [8.5, 0.5, 11.5, 3.5], "texture": "#0"}
			}
		},
		{
			"name": "south",
			"from": [0, 2, 14],
			"to": [16, 12, 16],
			"faces": {
				"north": {"uv": [4, 4.75, 8, 7.25], "texture": "#0"},
				"east": {"uv": [0, 4.75, 0.5, 7.25], "texture": "#0"},
				"south": {"uv": [12, 4.75, 16, 7.25], "texture": "#0"},
				"west": {"uv": [11.5, 4.75, 12, 7.25], "texture": "#0"},
				"up": {"uv": [0, 3.5, 4, 4], "texture": "#0"},
				"down": {"uv": [8, 0, 12, 0.5], "texture": "#0"}
			}
		},
		{
			"name": "east",
			"from": [14, 2, 2],
			"to": [16, 12, 14],
			"faces": {
				"east": {"uv": [0.5, 4.75, 3.5, 7.25], "texture": "#0"},
				"west": {"uv": [8.5, 4.75, 11.5, 7.25], "texture": "#0"},
				"up": {"uv": [3.5, 0.5, 4, 3.5], "texture": "#0"},
				"down": {"uv": [8, 0.5, 8.5, 3.5], "texture": "#0"}
			}
		},
		{
			"name": "west",
			"from": [0, 2, 2],
			"to": [2, 12, 14],
			"faces": {
				"east": {"uv": [0.5, 4.75, 3.5, 7.25], "texture": "#0"},
				"west": {"uv": [8.5, 4.75, 11.5, 7.25], "texture": "#0"},
				"up": {"uv": [0, 0.5, 0.5, 3.5], "texture": "#0"},
				"down": {"uv": [11.5, 0.5, 12, 3.5], "texture": "#0"}
			}
		},
		{
			"name": "north",
			"from": [0, 2, 0],
			"to": [16, 12, 2],
			"faces": {
				"north": {"uv": [4, 4.75, 8, 7.25], "texture": "#0"},
				"east": {"uv": [3.5, 4.75, 4, 7.25], "texture": "#0"},
				"south": {"uv": [12, 4.75, 16, 7.25], "texture": "#0"},
				"west": {"uv": [8, 4.75, 8.5, 7.25], "texture": "#0"},
				"up": {"uv": [0, 0, 4, 0.5], "texture": "#0"},
				"down": {"uv": [8, 3.5, 12, 4], "texture": "#0"}
			}
		},
		{
			"name": "south",
			"from": [0, 14, 14],
			"to": [16, 16, 16],
			"faces": {
				"north": {"uv": [4, 4, 8, 4.5], "texture": "#0"},
				"east": {"uv": [0, 4, 0.5, 4.5], "texture": "#0"},
				"south": {"uv": [12, 4, 16, 4.5], "texture": "#0"},
				"west": {"uv": [11.5, 4, 12, 4.5], "texture": "#0"},
				"up": {"uv": [0, 3.5, 4, 4], "texture": "#0"},
				"down": {"uv": [8, 0, 12, 0.5], "texture": "#0"}
			}
		},
		{
			"name": "east",
			"from": [14, 14, 2],
			"to": [16, 16, 14],
			"faces": {
				"east": {"uv": [0.5, 4, 3.5, 4.5], "texture": "#0"},
				"west": {"uv": [8.5, 4, 11.5, 4.5], "texture": "#0"},
				"up": {"uv": [3.5, 0.5, 4, 3.5], "texture": "#0"},
				"down": {"uv": [8, 0.5, 8.5, 3.5], "texture": "#0"}
			}
		},
		{
			"name": "west",
			"from": [0, 14, 2],
			"to": [2, 16, 14],
			"faces": {
				"east": {"uv": [0.5, 4, 3.5, 4.5], "texture": "#0"},
				"west": {"uv": [8.5, 4, 11.5, 4.5], "texture": "#0"},
				"up": {"uv": [0, 0.5, 0.5, 3.5], "texture": "#0"},
				"down": {"uv": [11.5, 0.5, 12, 3.5], "texture": "#0"}
			}
		},
		{
			"name": "north",
			"from": [0, 14, 0],
			"to": [16, 16, 2],
			"faces": {
				"north": {"uv": [4, 4, 8, 4.5], "texture": "#0"},
				"east": {"uv": [3.5, 4, 4, 4.5], "texture": "#0"},
				"south": {"uv": [12, 4, 16, 4.5], "texture": "#0"},
				"west": {"uv": [8, 4, 8.5, 4.5], "texture": "#0"},
				"up": {"uv": [0, 0, 4, 0.5], "texture": "#0"},
				"down": {"uv": [8, 3.5, 12, 4], "texture": "#0"}
			}
		},
		{
			"name": "south",
			"from": [1, 12, 14],
			"to": [15, 14, 15],
			"faces": {
				"north": {"uv": [4, 4.5, 8, 5], "texture": "#0"},
				"east": {"uv": [0, 4.5, 0.5, 5], "texture": "#0"},
				"south": {"uv": [12, 4.5, 16, 5], "texture": "#0"},
				"west": {"uv": [11.5, 4.5, 12, 5], "texture": "#0"}
			}
		},
		{
			"name": "east",
			"from": [14, 12, 2],
			"to": [15, 14, 14],
			"faces": {
				"east": {"uv": [0.5, 4.5, 3.5, 5], "texture": "#0"},
				"west": {"uv": [8.5, 4.5, 11.5, 5], "texture": "#0"}
			}
		},
		{
			"name": "west",
			"from": [1, 12, 2],
			"to": [2, 14, 14],
			"faces": {
				"east": {"uv": [0.5, 4.5, 3.5, 5], "texture": "#0"},
				"west": {"uv": [8.5, 4.5, 11.5, 5], "texture": "#0"}
			}
		},
		{
			"name": "north",
			"from": [1, 12, 1],
			"to": [15, 14, 2],
			"faces": {
				"north": {"uv": [4, 4.5, 8, 5], "texture": "#0"},
				"east": {"uv": [3.5, 4.5, 4, 5], "texture": "#0"},
				"south": {"uv": [12, 4.5, 16, 5], "texture": "#0"},
				"west": {"uv": [8, 4.5, 8.5, 5], "texture": "#0"}
			}
		},
		{
			"from": [0, 0, 4],
			"to": [16, 2, 6],
			"faces": {
				"north": {"uv": [0, 8, 4, 8.5], "texture": "#0"},
				"east": {"uv": [0, 9.25, 0.5, 9.75], "texture": "#0"},
				"south": {"uv": [0, 8, 4, 8.5], "texture": "#0"},
				"west": {"uv": [0, 9.25, 0.5, 9.75], "texture": "#0"},
				"up": {"uv": [0, 8, 4, 8.5], "texture": "#0"},
				"down": {"uv": [0, 8, 4, 8.5], "texture": "#0"}
			}
		},
		{
			"from": [0, 0, 10],
			"to": [16, 2, 12],
			"faces": {
				"north": {"uv": [0, 8, 4, 8.5], "texture": "#0"},
				"east": {"uv": [0, 9.25, 0.5, 9.75], "texture": "#0"},
				"south": {"uv": [0, 8, 4, 8.5], "texture": "#0"},
				"west": {"uv": [0, 9.25, 0.5, 9.75], "texture": "#0"},
				"up": {"uv": [0, 8, 4, 8.5], "texture": "#0"},
				"down": {"uv": [0, 8, 4, 8.5], "texture": "#0"}
			}
		},
		{
			"from": [4, 0, 0],
			"to": [6, 2, 16],
			"faces": {
				"north": {"uv": [0, 9.25, 0.5, 9.75], "texture": "#0"},
				"east": {"uv": [0, 8, 4, 8.5], "texture": "#0"},
				"south": {"uv": [0, 9.25, 0.5, 9.75], "texture": "#0"},
				"west": {"uv": [0, 8, 4, 8.5], "texture": "#0"},
				"up": {"uv": [0, 8, 4, 8.5], "rotation": 270, "texture": "#0"},
				"down": {"uv": [0, 8, 4, 8.5], "rotation": 90, "texture": "#0"}
			}
		},
		{
			"from": [10, 0, 0],
			"to": [12, 2, 16],
			"faces": {
				"north": {"uv": [0, 9.25, 0.5, 9.75], "texture": "#0"},
				"east": {"uv": [0, 8, 4, 8.5], "texture": "#0"},
				"south": {"uv": [0, 9.25, 0.5, 9.75], "texture": "#0"},
				"west": {"uv": [0, 8, 4, 8.5], "texture": "#0"},
				"up": {"uv": [0, 8, 4, 8.5], "rotation": 270, "texture": "#0"},
				"down": {"uv": [0, 8, 4, 8.5], "rotation": 90, "texture": "#0"}
			}
		}
	],
	"display": {},
	"groups": [
		{
			"name": "body",
			"origin": [0, 0, 0],
			"color": 0,
			"children": [0, 1, 2, 3, 4]
		},
		{
			"name": "rim",
			"origin": [0, 0, 0],
			"color": 0,
			"children": [5, 6, 7, 8]
		},
		{
			"name": "inner_rim",
			"origin": [0, 0, 0],
			"color": 0,
			"children": [9, 10, 11, 12]
		},
		{
			"name": "logs",
			"origin": [0, 0, 0],
			"color": 0,
			"children": [13, 14, 15, 16]
		}
	]
}