{
	"credit": "Made with Blockbench",
	"texture_size": [64, 32],
	"parent": "block/block",
	"render_type": "minecraft:cutout",
	"ambientocclusion": false,
	"textures": {
		"0": "irons_spellbooks:block/armor_pile",
		"particle": "block/netherite_block"
	},
	"elements": [
		{
			"from": [0, -1, 0],
			"to": [8, 3, 12],
			"rotation": {"angle": 22.5, "axis": "y", "origin": [0, 0, 0]},
			"faces": {
				"north": {"uv": [9, 8, 7, 10], "rotation": 180, "texture": "#0"},
				"east": {"uv": [4, 10, 5, 16], "rotation": 270, "texture": "#0"},
				"south": {"uv": [7, 10, 5, 8], "texture": "#0"},
				"west": {"uv": [7, 10, 8, 16], "rotation": 90, "texture": "#0"},
				"up": {"uv": [5, 16, 7, 10], "texture": "#0"},
				"down": {"uv": [8, 10, 10, 16], "texture": "#0"}
			}
		},
		{
			"from": [0, 3, 0],
			"to": [8, 3, 12],
			"rotation": {"angle": 22.5, "axis": "y", "origin": [0, 0, 0]},
			"faces": {
				"down": {"uv": [5, 16, 7, 10], "rotation": 180, "texture": "#0"}
			}
		},
		{
			"from": [0, -1, 0],
			"to": [8, -1, 12],
			"rotation": {"angle": 22.5, "axis": "y", "origin": [0, 0, 0]},
			"faces": {
				"up": {"uv": [8, 10, 10, 16], "rotation": 180, "texture": "#0"}
			}
		},
		{
			"from": [8, -1, 0],
			"to": [8, 3, 12],
			"rotation": {"angle": 22.5, "axis": "y", "origin": [0, 0, 0]},
			"faces": {
				"west": {"uv": [4, 10, 5, 16], "rotation": 90, "texture": "#0"}
			}
		},
		{
			"from": [0, -1, 0],
			"to": [0, 3, 12],
			"rotation": {"angle": 22.5, "axis": "y", "origin": [0, 0, 0]},
			"faces": {
				"east": {"uv": [7, 10, 8, 16], "rotation": 90, "texture": "#0"}
			}
		},
		{
			"name": "boot_main",
			"from": [-8, -1.2, -1],
			"to": [-4, 2.8, 11],
			"rotation": {"angle": 45, "axis": "y", "origin": [0, 0, 0]},
			"faces": {
				"north": {"uv": [13, 8, 12, 10], "rotation": 180, "texture": "#0"},
				"east": {"uv": [12, 10, 13, 16], "rotation": 270, "texture": "#0"},
				"south": {"uv": [12, 10, 11, 8], "texture": "#0"},
				"west": {"uv": [10, 10, 11, 16], "rotation": 90, "texture": "#0"},
				"up": {"uv": [12, 10, 11, 16], "rotation": 180, "texture": "#0"},
				"down": {"uv": [14, 10, 13, 16], "texture": "#0"}
			}
		},
		{
			"name": "boot",
			"from": [-8, -1.2, -1],
			"to": [-4, -1.2, 11],
			"rotation": {"angle": 45, "axis": "y", "origin": [0, 0, 0]},
			"faces": {
				"up": {"uv": [11, 10, 12, 16], "rotation": 180, "texture": "#0"}
			}
		},
		{
			"name": "boot",
			"from": [-8, 2.8, -1],
			"to": [-4, 2.8, 11],
			"rotation": {"angle": 45, "axis": "y", "origin": [0, 0, 0]},
			"faces": {
				"down": {"uv": [13, 10, 14, 16], "texture": "#0"}
			}
		},
		{
			"name": "boot",
			"from": [-8, -1.2, -1],
			"to": [-8, 2.8, 11],
			"rotation": {"angle": 45, "axis": "y", "origin": [0, 0, 0]},
			"faces": {
				"east": {"uv": [10, 10, 11, 16], "rotation": 270, "texture": "#0"}
			}
		},
		{
			"name": "boot",
			"from": [-8, -1.2, 11],
			"to": [-4, 2.8, 11],
			"rotation": {"angle": 45, "axis": "y", "origin": [0, 0, 0]},
			"faces": {
				"north": {"uv": [11, 8, 12, 10], "rotation": 270, "texture": "#0"}
			}
		},
		{
			"name": "boot",
			"from": [-4, -1.2, -1],
			"to": [-4, 2.8, 11],
			"rotation": {"angle": 45, "axis": "y", "origin": [0, 0, 0]},
			"faces": {
				"west": {"uv": [13, 16, 12, 10], "rotation": 270, "texture": "#0"}
			}
		},
		{
			"name": "boot_main",
			"from": [13, -1.2, -9],
			"to": [17, 2.8, 3],
			"rotation": {"angle": -22.5, "axis": "y", "origin": [0, 0, 0]},
			"faces": {
				"north": {"uv": [13, 8, 12, 10], "rotation": 180, "texture": "#0"},
				"east": {"uv": [10, 10, 11, 16], "rotation": 270, "texture": "#0"},
				"south": {"uv": [12, 10, 11, 8], "texture": "#0"},
				"west": {"uv": [12, 10, 13, 16], "rotation": 90, "texture": "#0"},
				"up": {"uv": [11, 10, 12, 16], "rotation": 180, "texture": "#0"},
				"down": {"uv": [13, 10, 14, 16], "texture": "#0"}
			}
		},
		{
			"name": "boot",
			"from": [13, -1.2, -9],
			"to": [17, -1.2, 3],
			"rotation": {"angle": -22.5, "axis": "y", "origin": [0, 0, 0]},
			"faces": {
				"up": {"uv": [11, 10, 12, 16], "rotation": 180, "texture": "#0"}
			}
		},
		{
			"name": "boot",
			"from": [13, 2.8, -9],
			"to": [17, 2.8, 3],
			"rotation": {"angle": -22.5, "axis": "y", "origin": [0, 0, 0]},
			"faces": {
				"down": {"uv": [13, 10, 14, 16], "texture": "#0"}
			}
		},
		{
			"name": "boot",
			"from": [13, -1.2, -9],
			"to": [13, 2.8, 3],
			"rotation": {"angle": -22.5, "axis": "y", "origin": [0, 0, 0]},
			"faces": {
				"east": {"uv": [12, 10, 13, 16], "rotation": 270, "texture": "#0"}
			}
		},
		{
			"name": "boot",
			"from": [13, -1.2, 3],
			"to": [17, 2.8, 3],
			"rotation": {"angle": -22.5, "axis": "y", "origin": [0, 0, 0]},
			"faces": {
				"north": {"uv": [11, 8, 12, 10], "rotation": 270, "texture": "#0"}
			}
		},
		{
			"name": "boot",
			"from": [17, -1.2, -9],
			"to": [17, 2.8, 3],
			"rotation": {"angle": -22.5, "axis": "y", "origin": [0, 0, 0]},
			"faces": {
				"west": {"uv": [11, 16, 10, 10], "rotation": 270, "texture": "#0"}
			}
		},
		{
			"name": "boot_main",
			"from": [0.5, -1.4, -10],
			"to": [12.5, 2.6, -6],
			"rotation": {"angle": -22.5, "axis": "y", "origin": [0, 0, 0]},
			"faces": {
				"north": {"uv": [2, 10, 3, 16], "rotation": 90, "texture": "#0"},
				"east": {"uv": [3, 8, 2, 10], "rotation": 180, "texture": "#0"},
				"south": {"uv": [0, 10, 1, 16], "rotation": 270, "texture": "#0"},
				"west": {"uv": [2, 10, 1, 8], "texture": "#0"},
				"up": {"uv": [1, 10, 2, 16], "rotation": 270, "texture": "#0"},
				"down": {"uv": [3, 10, 4, 16], "rotation": 270, "texture": "#0"}
			}
		},
		{
			"name": "boot",
			"from": [0.5, -1.4, -10],
			"to": [12.5, -1.4, -6],
			"rotation": {"angle": -22.5, "axis": "y", "origin": [0, 0, 0]},
			"faces": {
				"up": {"uv": [3, 10, 4, 16], "rotation": 270, "texture": "#0"}
			}
		},
		{
			"name": "boot",
			"from": [0.5, 2.6, -10],
			"to": [12.5, 2.6, -6],
			"rotation": {"angle": -22.5, "axis": "y", "origin": [0, 0, 0]},
			"faces": {
				"down": {"uv": [1, 10, 2, 16], "rotation": 270, "texture": "#0"}
			}
		},
		{
			"name": "boot",
			"from": [0.5, -1.4, -10],
			"to": [12.5, 2.6, -10],
			"rotation": {"angle": -22.5, "axis": "y", "origin": [0, 0, 0]},
			"faces": {
				"south": {"uv": [0, 10, 1, 16], "rotation": 270, "texture": "#0"}
			}
		},
		{
			"name": "boot",
			"from": [12.5, -1.4, -10],
			"to": [12.5, 2.6, -6],
			"rotation": {"angle": -22.5, "axis": "y", "origin": [0, 0, 0]},
			"faces": {
				"west": {"uv": [2, 8, 3, 10], "rotation": 270, "texture": "#0"}
			}
		},
		{
			"name": "boot",
			"from": [0.5, -1.4, -6],
			"to": [12.5, 2.6, -6],
			"rotation": {"angle": -22.5, "axis": "y", "origin": [0, 0, 0]},
			"faces": {
				"north": {"uv": [3, 16, 2, 10], "rotation": 270, "texture": "#0"}
			}
		},
		{
			"name": "helmet",
			"from": [5, 0, 9],
			"to": [13, 8, 17],
			"rotation": {"angle": 22.5, "axis": "x", "origin": [9, 0, 10]},
			"faces": {
				"north": {"uv": [2, 4, 4, 8], "texture": "#0"},
				"east": {"uv": [0, 4, 2, 8], "texture": "#0"},
				"south": {"uv": [6, 4, 8, 8], "texture": "#0"},
				"west": {"uv": [4, 4, 6, 8], "texture": "#0"},
				"up": {"uv": [2, 0, 4, 4], "texture": "#0"},
				"down": {"uv": [4, 0, 6, 4], "texture": "#0"}
			}
		},
		{
			"name": "helmet",
			"from": [5, 8, 9],
			"to": [13, 8, 17],
			"rotation": {"angle": 22.5, "axis": "x", "origin": [9, 0, 10]},
			"faces": {
				"down": {"uv": [2, 0, 4, 4], "texture": "#0"}
			}
		},
		{
			"name": "helmet",
			"from": [5, 0, 17],
			"to": [13, 8, 17],
			"rotation": {"angle": 22.5, "axis": "x", "origin": [9, 0, 10]},
			"faces": {
				"north": {"uv": [6, 4, 8, 8], "texture": "#0"}
			}
		},
		{
			"name": "helmet",
			"from": [13, 0, 9],
			"to": [13, 8, 17],
			"rotation": {"angle": 22.5, "axis": "x", "origin": [9, 0, 10]},
			"faces": {
				"west": {"uv": [4.25, 4, 6.25, 8], "texture": "#0"}
			}
		},
		{
			"name": "helmet",
			"from": [5, 0, 9],
			"to": [5, 8, 17],
			"rotation": {"angle": 22.5, "axis": "x", "origin": [9, 0, 10]},
			"faces": {
				"east": {"uv": [0, 4, 2, 8], "texture": "#0"}
			}
		},
		{
			"name": "helmet",
			"from": [5, 0, 9],
			"to": [13, 8, 9],
			"rotation": {"angle": 22.5, "axis": "x", "origin": [9, 0, 10]},
			"faces": {
				"south": {"uv": [2, 4, 4, 8], "texture": "#0"}
			}
		}
	],
	"groups": [
		{
			"name": "chestplate",
			"origin": [0, 0, 0],
			"color": 0,
			"children": [
				{
					"name": "chest",
					"origin": [0, 0, 0],
					"color": 0,
					"children": [0, 1, 2, 3, 4]
				},
				{
					"name": "shoulder",
					"origin": [0, 0, 0],
					"color": 0,
					"children": [5, 6, 7, 8, 9, 10]
				},
				{
					"name": "shoulder",
					"origin": [0, 0, 0],
					"color": 0,
					"children": [11, 12, 13, 14, 15, 16]
				}
			]
		},
		{
			"name": "boot",
			"origin": [0, 0, 0],
			"color": 0,
			"children": [17, 18, 19, 20, 21, 22]
		},
		{
			"name": "helmet",
			"origin": [9, 0, 10],
			"color": 0,
			"children": [23, 24, 25, 26, 27, 28]
		}
	]
}