{
	"parent": "minecraft:block/cube_all",
	"textures": {
		"0": "irons_spellbooks:block/firefly_jar",
		"particle": "minecraft:block/glass"
	},
	"render_type": "cutout",
	"ambientocclusion": false,
	"elements": [
		{
			"from": [6, 13, 6],
			"to": [10, 16, 10],
			"faces": {
				"north": {"uv": [12, 4, 16, 7], "texture": "#0"},
				"east": {"uv": [12, 4, 16, 7], "texture": "#0"},
				"south": {"uv": [12, 4, 16, 7], "texture": "#0"},
				"west": {"uv": [12, 4, 16, 7], "texture": "#0"},
				"up": {"uv": [12, 0, 16, 4], "texture": "#0"},
				"down": {"uv": [12, 0, 16, 4], "texture": "#0"}
			}
		},
		{
			"from": [4, 0, 4],
			"to": [12, 13, 12],
			"faces": {
				"north": {"uv": [0, 3, 8, 16], "texture": "#0"},
				"east": {"uv": [0, 3, 8, 16], "texture": "#0"},
				"south": {"uv": [0, 3, 8, 16], "texture": "#0"},
				"west": {"uv": [0, 3, 8, 16], "texture": "#0"},
				"up": {"uv": [8, 8, 16, 16], "texture": "#0"},
				"down": {"uv": [8, 8, 16, 16], "texture": "#0"}
			}
		}
	]
}