{
  "credit": "Made with Blockbench",
  "parent": "block/block",
  "ambientocclusion": false,
  "textures": {
    "0": "irons_spellbooks:block/pedestal_side",
    "1": "irons_spellbooks:block/pedestal_top",
    "particle": "irons_spellbooks:block/pedestal_top"
  },
  "elements": [
    {
      "from": [
        0,
        0,
        0
      ],
      "to": [
        16,
        4,
        16
      ],
      "faces": {
        "north": {
          "uv": [
            0,
            11,
            16,
            15
          ],
          "texture": "#0"
        },
        "east": {
          "uv": [
            0,
            11,
            16,
            15
          ],
          "texture": "#0"
        },
        "south": {
          "uv": [
            0,
            11,
            16,
            15
          ],
          "texture": "#0"
        },
        "west": {
          "uv": [
            0,
            11,
            16,
            15
          ],
          "texture": "#0"
        },
        "up": {
          "uv": [
            0,
            0,
            16,
            16
          ],
          "texture": "#1"
        },
        "down": {
          "uv": [
            0,
            0,
            16,
            16
          ],
          "texture": "#1"
        }
      }
    },
    {
      "from": [
        0,
        12,
        0
      ],
      "to": [
        16,
        16,
        16
      ],
      "faces": {
        "north": {
          "uv": [
            0,
            11,
            16,
            15
          ],
          "texture": "#0"
        },
        "east": {
          "uv": [
            0,
            11,
            16,
            15
          ],
          "texture": "#0"
        },
        "south": {
          "uv": [
            0,
            11,
            16,
            15
          ],
          "texture": "#0"
        },
        "west": {
          "uv": [
            0,
            11,
            16,
            15
          ],
          "texture": "#0"
        },
        "up": {
          "uv": [
            0,
            0,
            16,
            16
          ],
          "texture": "#1"
        },
        "down": {
          "uv": [
            0,
            0,
            16,
            16
          ],
          "texture": "#1"
        }
      }
    },
    {
      "from": [
        3,
        4,
        3
      ],
      "to": [
        13,
        12,
        13
      ],
      "faces": {
        "north": {
          "uv": [
            3,
            4,
            13,
            12
          ],
          "texture": "#0"
        },
        "east": {
          "uv": [
            3,
            4,
            13,
            12
          ],
          "texture": "#0"
        },
        "south": {
          "uv": [
            3,
            4,
            13,
            12
          ],
          "texture": "#0"
        },
        "west": {
          "uv": [
            3,
            4,
            13,
            12
          ],
          "texture": "#0"
        }
      }
    }
  ]
}