{
  "blend": {
    "func": "add",
    "srcrgb": "srcalpha",
    "dstrgb": "1-srcalpha"
  },
  "vertex": "blit",
  "fragment": "chromatical",
  "attributes": [
    "Position"
  ],
  "samplers": [
    {
      "name": "DiffuseSampler"
    }
  ],
  "uniforms": [
    {
      "name": "ProjMat",
      "type": "matrix4x4",
      "count": 16,
      "values": [
        1,
        0,
        0,
        0,
        0,
        1,
        0,
        0,
        0,
        0,
        1,
        0,
        0,
        0,
        0,
        1
      ]
    },
    {
      "name": "OutSize",
      "type": "float",
      "count": 2,
      "values": [
        1,
        1
      ]
    },
    {
      "name": "TimeTotal",
      "type": "float",
      "count": 1,
      "values": [
        0
      ]
    },
    {
      "name": "Factor",
      "type": "float",
      "count": 1,
      "values": [
        0
      ]
    }
  ]
}