{
	"format_version": "1.12.0",
	"minecraft:geometry": [
		{
			"description": {
				"identifier": "geometry.unknown",
				"texture_width": 96,
				"texture_height": 96,
				"visible_bounds_width": 4,
				"visible_bounds_height": 5.5,
				"visible_bounds_offset": [0, 2.25, 0]
			},
			"bones": [
				{
					"name": "bipedHead",
					"pivot": [0, 24, 0]
				},
				{
					"name": "armorHead",
					"parent": "bipedHead",
					"pivot": [0, 24, 0],
					"cubes": [
						{
							"origin": [-4, 24, -4],
							"size": [8, 8, 8],
							"inflate": 0.55,
							"uv": {
								"north": {"uv": [44, 8], "uv_size": [8, 8]},
								"down": {"uv": [52, 9], "uv_size": [-8, -8]}
							}
						},
						{
							"origin": [-4, 24, -4],
							"size": [8, 8, 8],
							"inflate": 0.85,
							"uv": {
								"north": {"uv": [8, 8], "uv_size": [8, 8]},
								"east": {"uv": [0, 8], "uv_size": [8, 8]},
								"south": {"uv": [24, 8], "uv_size": [8, 8]},
								"west": {"uv": [16, 8], "uv_size": [8, 8]},
								"up": {"uv": [8, 1], "uv_size": [8, 7]}
							}
						}
					]
				},
				{
					"name": "hood",
					"parent": "armorHead",
					"pivot": [4, 29, 4.5],
					"rotation": [-20, 0, 0],
					"cubes": [
						{
							"origin": [-4, 29.9, 4.33],
							"size": [8, 2, 2],
							"inflate": 0.84,
							"uv": {
								"north": {"uv": [26, 10], "uv_size": [8, 2]},
								"east": {"uv": [24, 12], "uv_size": [2, -2]},
								"south": {"uv": [36, 10], "uv_size": [8, 2]},
								"west": {"uv": [36, 12], "uv_size": [-2, -2]},
								"up": {"uv": [26, 10], "uv_size": [8, -2]},
								"down": {"uv": [34, 10], "uv_size": [8, -2]}
							}
						}
					]
				},
				{
					"name": "bipedBody",
					"pivot": [0, 24, 0]
				},
				{
					"name": "armorBody",
					"parent": "bipedBody",
					"pivot": [0, 24, 0],
					"cubes": [
						{
							"origin": [-4, 12, -2],
							"size": [8, 12, 4],
							"inflate": 0.55,
							"uv": {
								"north": {"uv": [20, 20], "uv_size": [8, 12]},
								"east": {"uv": [16, 20], "uv_size": [4, 12]},
								"south": {"uv": [32, 20], "uv_size": [8, 12]},
								"west": {"uv": [28, 20], "uv_size": [4, 12]},
								"up": {"uv": [20, 16], "uv_size": [8, 4]},
								"down": {"uv": [28, 20], "uv_size": [8, -4]}
							}
						},
						{
							"origin": [-4, 7.35, -0.5],
							"size": [8, 16, 4],
							"inflate": 0.99,
							"pivot": [0, 6.35, 3],
							"rotation": [10, 0, 0],
							"uv": {
								"east": {"uv": [92, 20], "uv_size": [4, 16]},
								"south": {"uv": [84, 20], "uv_size": [8, 16]},
								"west": {"uv": [80, 20], "uv_size": [4, 16]}
							}
						},
						{
							"origin": [-4, 7.35, -2],
							"size": [8, 16, 4],
							"inflate": 1,
							"uv": {
								"north": {"uv": [60, 20], "uv_size": [8, 16]},
								"east": {"uv": [56, 20], "uv_size": [4, 16]},
								"south": {"uv": [72, 20], "uv_size": [8, 16]},
								"west": {"uv": [68, 20], "uv_size": [4, 16]},
								"up": {"uv": [60, 16], "uv_size": [8, 4]}
							}
						},
						{
							"origin": [-4, 13.55, -2],
							"size": [8, 2, 4],
							"inflate": 0.85,
							"uv": {
								"north": {"uv": [28, 36], "uv_size": [-8, 3]},
								"east": {"uv": [16, 36], "uv_size": [4, 3]},
								"south": {"uv": [32, 36], "uv_size": [8, 3]},
								"west": {"uv": [28, 36], "uv_size": [4, 3]},
								"up": {"uv": [60, 16], "uv_size": [8, 4]}
							}
						}
					]
				},
				{
					"name": "armorLeggingTorsoLayer",
					"parent": "bipedBody",
					"pivot": [0, 24, 0],
					"cubes": [
						{
							"origin": [-4, 12, -2],
							"size": [8, 12, 4],
							"inflate": 0.4,
							"uv": {
								"north": {"uv": [20, 52], "uv_size": [8, 12]},
								"east": {"uv": [16, 52], "uv_size": [4, 12]},
								"south": {"uv": [32, 52], "uv_size": [8, 12]},
								"west": {"uv": [28, 52], "uv_size": [4, 12]},
								"up": {"uv": [20, 48], "uv_size": [8, 4]},
								"down": {"uv": [32, 68], "uv_size": [8, -4]}
							}
						}
					]
				},
				{
					"name": "bipedRightArm",
					"pivot": [-5, 22, 0]
				},
				{
					"name": "armorRightArm",
					"parent": "bipedRightArm",
					"pivot": [-5, 22, 0],
					"cubes": [
						{
							"origin": [-8, 12, -2],
							"size": [4, 12, 4],
							"inflate": 0.85,
							"uv": {
								"north": {"uv": [44, 20], "uv_size": [4, 12]},
								"east": {"uv": [40, 20], "uv_size": [4, 12]},
								"south": {"uv": [52, 20], "uv_size": [4, 12]},
								"west": {"uv": [48, 20], "uv_size": [4, 12]},
								"up": {"uv": [44, 16], "uv_size": [4, 4]},
								"down": {"uv": [48, 20], "uv_size": [4, -4]}
							}
						}
					]
				},
				{
					"name": "bipedLeftArm",
					"pivot": [5, 22, 0]
				},
				{
					"name": "armorLeftArm",
					"parent": "bipedLeftArm",
					"pivot": [5, 22, 0],
					"cubes": [
						{
							"origin": [4, 12, -2],
							"size": [4, 12, 4],
							"inflate": 0.85,
							"uv": {
								"north": {"uv": [48, 20], "uv_size": [-4, 12]},
								"east": {"uv": [52, 20], "uv_size": [-4, 12]},
								"south": {"uv": [56, 19], "uv_size": [-4, 12]},
								"west": {"uv": [44, 20], "uv_size": [-4, 12]},
								"down": {"uv": [52, 20], "uv_size": [-4, -4]}
							}
						},
						{
							"origin": [4.5, 22, -3],
							"size": [5, 4, 6],
							"inflate": 0.25,
							"pivot": [10, 22, 0],
							"rotation": [15, 0, 0],
							"uv": {
								"north": {"uv": [57, 45], "uv_size": [5, 4]},
								"east": {"uv": [51, 45], "uv_size": [6, 4]},
								"south": {"uv": [63, 38], "uv_size": [5, 4]},
								"west": {"uv": [62, 45], "uv_size": [6, 4]},
								"up": {"uv": [61, 45], "uv_size": [-4, -4]},
								"down": {"uv": [73, 45], "uv_size": [-4, 4]}
							}
						},
						{
							"origin": [5.5, 22, -4],
							"size": [3, 1.25, 2],
							"inflate": 0.24,
							"pivot": [10, 22, 0],
							"rotation": [15, 0, 0],
							"uv": {
								"north": {"uv": [57, 52], "uv_size": [3, 2]},
								"east": {"uv": [60, 52], "uv_size": [2, 2]},
								"south": {"uv": [60, 52], "uv_size": [2, 2]},
								"west": {"uv": [60, 52], "uv_size": [2, 2]},
								"up": {"uv": [62, 54], "uv_size": [-2, -2]},
								"down": {"uv": [62, 54], "uv_size": [-2, -2]}
							}
						},
						{
							"origin": [8.75, 26.4, -1],
							"size": [1.5, 1.25, 0.5],
							"inflate": 0.24,
							"pivot": [10, 22, 0],
							"rotation": [-15.09611, -0.31581, -9.9943],
							"uv": {
								"north": {"uv": [64, 69], "uv_size": [2, 2]},
								"east": {"uv": [66, 69], "uv_size": [1, 2]},
								"south": {"uv": [67, 69], "uv_size": [2, 2]},
								"west": {"uv": [66, 69], "uv_size": [1, 2]},
								"up": {"uv": [67, 70], "uv_size": [-1, -1]},
								"down": {"uv": [67, 71], "uv_size": [-1, -2]}
							}
						}
					]
				},
				{
					"name": "bipedLeftLeg",
					"pivot": [2, 12, 0]
				},
				{
					"name": "armorLeftLeg",
					"parent": "bipedLeftLeg",
					"pivot": [2, 12, 0],
					"cubes": [
						{
							"origin": [0, 0, -2],
							"size": [4, 12, 4],
							"inflate": 0.3,
							"uv": {
								"north": {"uv": [8, 52], "uv_size": [-4, 12]},
								"east": {"uv": [12, 52], "uv_size": [-4, 12]},
								"south": {"uv": [16, 52], "uv_size": [-4, 12]},
								"west": {"uv": [4, 52], "uv_size": [-4, 12]},
								"up": {"uv": [8, 48], "uv_size": [-4, 4]},
								"down": {"uv": [12, 52], "uv_size": [-4, -4]}
							}
						},
						{
							"origin": [0, 0, -2],
							"size": [4, 12, 4],
							"inflate": 0.35,
							"uv": {
								"north": {"uv": [21, 65], "uv_size": [-4, 12]},
								"east": {"uv": [21, 65], "uv_size": [4, 12]},
								"south": {"uv": [36, 65], "uv_size": [4, 12]},
								"west": {"uv": [32, 65], "uv_size": [4, 12]}
							}
						}
					]
				},
				{
					"name": "armorLeftBoot",
					"parent": "bipedLeftLeg",
					"pivot": [2, 12, 0],
					"cubes": [
						{
							"origin": [0, 0, -2],
							"size": [4, 12, 4],
							"inflate": 0.8,
							"uv": {
								"north": {"uv": [4, 20], "uv_size": [4, 12]},
								"east": {"uv": [0, 20], "uv_size": [4, 12]},
								"south": {"uv": [16, 20], "uv_size": [-4, 12]},
								"west": {"uv": [8, 20], "uv_size": [4, 12]},
								"up": {"uv": [4, 16], "uv_size": [4, 4]},
								"down": {"uv": [8, 20], "uv_size": [4, -4]}
							}
						}
					]
				},
				{
					"name": "bipedRightLeg",
					"pivot": [-2, 12, 0]
				},
				{
					"name": "armorRightLeg",
					"parent": "bipedRightLeg",
					"pivot": [-2, 12, 0],
					"cubes": [
						{
							"origin": [-4, 0, -2],
							"size": [4, 12, 4],
							"inflate": 0.3,
							"uv": {
								"north": {"uv": [4, 52], "uv_size": [4, 12]},
								"east": {"uv": [0, 52], "uv_size": [4, 12]},
								"south": {"uv": [12, 52], "uv_size": [4, 12]},
								"west": {"uv": [8, 52], "uv_size": [4, 12]},
								"up": {"uv": [4, 48], "uv_size": [4, 4]},
								"down": {"uv": [8, 52], "uv_size": [4, -4]}
							}
						},
						{
							"origin": [-4, 0, -2],
							"size": [4, 12, 4],
							"inflate": 0.35,
							"uv": {
								"north": {"uv": [17, 65], "uv_size": [4, 12]},
								"east": {"uv": [36, 65], "uv_size": [-4, 12]},
								"south": {"uv": [40, 65], "uv_size": [-4, 12]},
								"west": {"uv": [21, 65], "uv_size": [4, 12]}
							}
						}
					]
				},
				{
					"name": "armorRightBoot",
					"parent": "bipedRightLeg",
					"pivot": [-2, 12, 0],
					"cubes": [
						{
							"origin": [-4, 0, -2],
							"size": [4, 12, 4],
							"inflate": 0.8,
							"uv": {
								"north": {"uv": [4, 20], "uv_size": [4, 12]},
								"east": {"uv": [0, 20], "uv_size": [4, 12]},
								"south": {"uv": [16, 20], "uv_size": [-4, 12]},
								"west": {"uv": [8, 20], "uv_size": [4, 12]},
								"up": {"uv": [4, 16], "uv_size": [4, 4]},
								"down": {"uv": [8, 20], "uv_size": [4, -4]}
							}
						}
					]
				}
			]
		}
	]
}