{
	"format_version": "1.12.0",
	"minecraft:geometry": [
		{
			"description": {
				"identifier": "geometry.unknown",
				"texture_width": 96,
				"texture_height": 96,
				"visible_bounds_width": 4,
				"visible_bounds_height": 5.5,
				"visible_bounds_offset": [0, 2.25, 0]
			},
			"bones": [
				{
					"name": "bipedHead",
					"pivot": [0, 24, 0]
				},
				{
					"name": "armorHead",
					"parent": "bipedHead",
					"pivot": [0, 24, 0],
					"cubes": [
						{
							"origin": [-8, 29, -8],
							"size": [16, 1, 16],
							"pivot": [0, 29.6, 0],
							"rotation": [5, 0, 0],
							"uv": {
								"north": {"uv": [80, 15], "uv_size": [16, 1]},
								"east": {"uv": [80, 15], "uv_size": [16, 1]},
								"south": {"uv": [80, 15], "uv_size": [16, 1]},
								"west": {"uv": [80, 15], "uv_size": [16, 1]},
								"up": {"uv": [96, 16], "uv_size": [-16, -16]},
								"down": {"uv": [96, 16], "uv_size": [-16, -16]}
							}
						},
						{
							"origin": [-4.75, 29.25, -4.75],
							"size": [9.5, 4.75, 9.5],
							"uv": {
								"north": {"uv": [32, 11], "uv_size": [8, 4]},
								"east": {"uv": [40, 11], "uv_size": [8, 4]},
								"south": {"uv": [48, 11], "uv_size": [8, 4]},
								"west": {"uv": [56, 11], "uv_size": [8, 4]},
								"up": {"uv": [41, 9], "uv_size": [-8, -8]},
								"down": {"uv": [41, 9], "uv_size": [-8, -8]}
							}
						},
						{
							"origin": [-2.5, 34, -2.5],
							"size": [5, 8, 5],
							"inflate": 0.25,
							"pivot": [0, 34, -2],
							"rotation": [-17.5, 0, 0],
							"uv": {
								"north": {"uv": [54, 8], "uv_size": [5, 8]},
								"east": {"uv": [52, 8], "uv_size": [5, 8]},
								"south": {"uv": [63, 8], "uv_size": [5, 8]},
								"west": {"uv": [60, 8], "uv_size": [5, 8]},
								"up": {"uv": [37, 6], "uv_size": [-4, -4]},
								"down": {"uv": [37, 6], "uv_size": [-4, -4]}
							}
						}
					]
				},
				{
					"name": "bipedBody",
					"pivot": [0, 24, 0]
				},
				{
					"name": "armorBody",
					"parent": "bipedBody",
					"pivot": [0, 24, 0],
					"cubes": [
						{
							"origin": [-4, 8.75, -2],
							"size": [8, 15, 4],
							"inflate": 0.85,
							"uv": {
								"north": {"uv": [56, 20], "uv_size": [8, 16]},
								"up": {"uv": [56, 16], "uv_size": [8, 4]}
							}
						},
						{
							"origin": [-4, 12, -2],
							"size": [8, 12, 4],
							"inflate": 0.55,
							"uv": {
								"north": {"uv": [20, 20], "uv_size": [8, 12]},
								"east": {"uv": [16, 20], "uv_size": [4, 12]},
								"south": {"uv": [32, 20], "uv_size": [8, 12]},
								"west": {"uv": [28, 20], "uv_size": [4, 12]},
								"up": {"uv": [20, 16], "uv_size": [8, 4]},
								"down": {"uv": [28, 20], "uv_size": [8, -4]}
							}
						}
					]
				},
				{
					"name": "armorLeggingTorsoLayer",
					"parent": "bipedBody",
					"pivot": [0, 24, 0],
					"cubes": [
						{
							"origin": [-4, 12, -2],
							"size": [8, 12, 4],
							"inflate": 0.4,
							"uv": {
								"north": {"uv": [20, 52], "uv_size": [8, 12]},
								"east": {"uv": [16, 52], "uv_size": [4, 12]},
								"south": {"uv": [32, 52], "uv_size": [8, 12]},
								"west": {"uv": [28, 52], "uv_size": [4, 12]},
								"up": {"uv": [20, 48], "uv_size": [8, 4]},
								"down": {"uv": [32, 68], "uv_size": [8, -4]}
							}
						}
					]
				},
				{
					"name": "bipedRightArm",
					"pivot": [-5, 22, 0]
				},
				{
					"name": "armorRightArm",
					"parent": "bipedRightArm",
					"pivot": [-5, 22, 0],
					"cubes": [
						{
							"origin": [-8, 12, -2],
							"size": [4, 12, 4],
							"inflate": 0.4,
							"uv": {
								"north": {"uv": [44, 20], "uv_size": [4, 12]},
								"east": {"uv": [40, 20], "uv_size": [4, 12]},
								"south": {"uv": [52, 20], "uv_size": [4, 12]},
								"west": {"uv": [48, 20], "uv_size": [4, 12]},
								"up": {"uv": [44, 16], "uv_size": [4, 4]},
								"down": {"uv": [48, 20], "uv_size": [4, -4]}
							}
						},
						{
							"origin": [-9, 22, -2],
							"size": [4, 3, 4],
							"inflate": 0.8,
							"uv": {
								"north": {"uv": [64, 21], "uv_size": [4, 3]},
								"east": {"uv": [64, 21], "uv_size": [4, 3]},
								"south": {"uv": [64, 21], "uv_size": [4, 3]},
								"west": {"uv": [64, 21], "uv_size": [4, 3]},
								"up": {"uv": [68, 24], "uv_size": [4, -4]},
								"down": {"uv": [72, 24], "uv_size": [-4, -4]}
							}
						}
					]
				},
				{
					"name": "bipedLeftArm",
					"pivot": [5, 22, 0]
				},
				{
					"name": "armorLeftArm",
					"parent": "bipedLeftArm",
					"pivot": [5, 22, 0],
					"cubes": [
						{
							"origin": [4, 12, -2],
							"size": [4, 12, 4],
							"inflate": 0.4,
							"uv": {
								"north": {"uv": [48, 20], "uv_size": [-4, 12]},
								"east": {"uv": [52, 20], "uv_size": [-4, 12]},
								"south": {"uv": [56, 20], "uv_size": [-4, 12]},
								"west": {"uv": [44, 20], "uv_size": [-4, 12]},
								"up": {"uv": [48, 16], "uv_size": [-4, 4]},
								"down": {"uv": [52, 20], "uv_size": [-4, -4]}
							}
						},
						{
							"origin": [5, 22, -2],
							"size": [4, 3, 4],
							"inflate": 0.8,
							"uv": {
								"north": {"uv": [64, 21], "uv_size": [4, 3]},
								"east": {"uv": [64, 21], "uv_size": [4, 3]},
								"south": {"uv": [64, 21], "uv_size": [4, 3]},
								"west": {"uv": [64, 21], "uv_size": [4, 3]},
								"up": {"uv": [68, 24], "uv_size": [4, -4]},
								"down": {"uv": [72, 24], "uv_size": [-4, -4]}
							}
						}
					]
				},
				{
					"name": "bipedLeftLeg",
					"pivot": [2, 12, 0]
				},
				{
					"name": "armorLeftLeg",
					"parent": "bipedLeftLeg",
					"pivot": [2, 12, 0],
					"cubes": [
						{
							"origin": [0, 0, -2],
							"size": [4, 12, 4],
							"inflate": 0.3,
							"uv": {
								"north": {"uv": [8, 52], "uv_size": [-4, 12]},
								"east": {"uv": [12, 52], "uv_size": [-4, 12]},
								"south": {"uv": [16, 52], "uv_size": [-4, 12]},
								"west": {"uv": [4, 52], "uv_size": [-4, 12]},
								"up": {"uv": [8, 48], "uv_size": [-4, 4]},
								"down": {"uv": [12, 52], "uv_size": [-4, -4]}
							}
						},
						{
							"origin": [0, 0, -2],
							"size": [4, 12, 4],
							"inflate": 0.35,
							"uv": {
								"north": {"uv": [21, 65], "uv_size": [-4, 12]},
								"east": {"uv": [21, 65], "uv_size": [4, 12]},
								"south": {"uv": [36, 65], "uv_size": [4, 12]},
								"west": {"uv": [32, 65], "uv_size": [4, 12]}
							}
						}
					]
				},
				{
					"name": "armorLeftBoot",
					"parent": "bipedLeftLeg",
					"pivot": [2, 12, 0],
					"cubes": [
						{
							"origin": [0, 0, -2],
							"size": [4, 12, 4],
							"inflate": 0.8,
							"uv": {
								"north": {"uv": [4, 20], "uv_size": [4, 12]},
								"east": {"uv": [0, 20], "uv_size": [4, 12]},
								"south": {"uv": [16, 20], "uv_size": [-4, 12]},
								"west": {"uv": [8, 20], "uv_size": [4, 12]},
								"up": {"uv": [4, 16], "uv_size": [4, 4]},
								"down": {"uv": [8, 20], "uv_size": [4, -4]}
							}
						}
					]
				},
				{
					"name": "bipedRightLeg",
					"pivot": [-2, 12, 0]
				},
				{
					"name": "armorRightLeg",
					"parent": "bipedRightLeg",
					"pivot": [-2, 12, 0],
					"cubes": [
						{
							"origin": [-4, 0, -2],
							"size": [4, 12, 4],
							"inflate": 0.3,
							"uv": {
								"north": {"uv": [4, 52], "uv_size": [4, 12]},
								"east": {"uv": [0, 52], "uv_size": [4, 12]},
								"south": {"uv": [12, 52], "uv_size": [4, 12]},
								"west": {"uv": [8, 52], "uv_size": [4, 12]},
								"up": {"uv": [4, 48], "uv_size": [4, 4]},
								"down": {"uv": [8, 52], "uv_size": [4, -4]}
							}
						},
						{
							"origin": [-4, 0, -2],
							"size": [4, 12, 4],
							"inflate": 0.35,
							"uv": {
								"north": {"uv": [17, 65], "uv_size": [4, 12]},
								"east": {"uv": [36, 65], "uv_size": [-4, 12]},
								"south": {"uv": [40, 65], "uv_size": [-4, 12]},
								"west": {"uv": [21, 65], "uv_size": [4, 12]}
							}
						}
					]
				},
				{
					"name": "armorRightBoot",
					"parent": "bipedRightLeg",
					"pivot": [-2, 12, 0],
					"cubes": [
						{
							"origin": [-4, 0, -2],
							"size": [4, 12, 4],
							"inflate": 0.8,
							"uv": {
								"north": {"uv": [4, 20], "uv_size": [4, 12]},
								"east": {"uv": [0, 20], "uv_size": [4, 12]},
								"south": {"uv": [16, 20], "uv_size": [-4, 12]},
								"west": {"uv": [8, 20], "uv_size": [4, 12]},
								"up": {"uv": [4, 16], "uv_size": [4, 4]},
								"down": {"uv": [8, 20], "uv_size": [4, -4]}
							}
						}
					]
				}
			]
		}
	]
}