{
	"format_version": "1.12.0",
	"minecraft:geometry": [
		{
			"description": {
				"identifier": "geometry.unknown",
				"texture_width": 64,
				"texture_height": 64,
				"visible_bounds_width": 3,
				"visible_bounds_height": 2.5,
				"visible_bounds_offset": [0, 0.75, 0]
			},
			"bones": [
				{
					"name": "bone",
					"pivot": [0, 0, 0],
					"cubes": [
						{
							"origin": [0, -8, -16],
							"size": [16, 16, 32],
							"uv": {
								"north": {"uv": [16, 8], "uv_size": [16, 16]},
								"east": {"uv": [0, 8], "uv_size": [32, 16]},
								"south": {"uv": [16, 0], "uv_size": [16, 16]},
								"west": {"uv": [0, 8], "uv_size": [32, 16]},
								"up": {"uv": [48, 0], "uv_size": [16, 32]},
								"down": {"uv": [16, 32], "uv_size": [16, 32]}
							}
						},
						{
							"origin": [-16, 0, -16],
							"size": [16, 16, 16],
							"uv": {
								"north": {"uv": [0, 0], "uv_size": [16, 16]},
								"east": {"uv": [0, 0], "uv_size": [16, 16]},
								"south": {"uv": [0, 0], "uv_size": [16, 16]},
								"west": {"uv": [0, 0], "uv_size": [16, 16]},
								"up": {"uv": [48, 0], "uv_size": [16, 16]},
								"down": {"uv": [16, 64], "uv_size": [16, -16]}
							}
						},
						{
							"origin": [-16, 0, 0],
							"size": [16, 8, 16],
							"uv": {
								"north": {"uv": [1, 3], "uv_size": [16, 8]},
								"east": {"uv": [1, 3], "uv_size": [16, 8]},
								"south": {"uv": [1, 3], "uv_size": [16, 8]},
								"west": {"uv": [1, 3], "uv_size": [16, 8]},
								"up": {"uv": [48, 0], "uv_size": [16, 16]},
								"down": {"uv": [16, 48], "uv_size": [16, -16]}
							}
						},
						{
							"origin": [0, 0, -16],
							"size": [16, 16, 24],
							"uv": {
								"north": {"uv": [16, 0], "uv_size": [16, 16]},
								"east": {"uv": [8, 0], "uv_size": [24, 16]},
								"south": {"uv": [16, 0], "uv_size": [16, 16]},
								"west": {"uv": [0, 0], "uv_size": [24, 16]},
								"up": {"uv": [48, 0], "uv_size": [16, 24]},
								"down": {"uv": [8, 32], "uv_size": [16, -24]}
							}
						}
					]
				}
			]
		}
	]
}