{
	"format_version": "1.12.0",
	"minecraft:geometry": [
		{
			"description": {
				"identifier": "geometry.unknown",
				"texture_width": 96,
				"texture_height": 96,
				"visible_bounds_width": 4,
				"visible_bounds_height": 5.5,
				"visible_bounds_offset": [0, 2.25, 0]
			},
			"bones": [
				{
					"name": "bipedHead",
					"pivot": [0, 24, 0]
				},
				{
					"name": "armorHead",
					"parent": "bipedHead",
					"pivot": [0, 24, 0],
					"cubes": [
						{
							"origin": [-4, 24, -4],
							"size": [8, 8, 8],
							"inflate": 0.35,
							"uv": {
								"north": {"uv": [8, 8], "uv_size": [8, 8]},
								"east": {"uv": [0, 8], "uv_size": [8, 8]},
								"south": {"uv": [24, 8], "uv_size": [8, 8]},
								"west": {"uv": [16, 8], "uv_size": [8, 8]},
								"up": {"uv": [8, 1], "uv_size": [8, 7]},
								"down": {"uv": [16, 8], "uv_size": [8, -8]}
							}
						}
					]
				},
				{
					"name": "hat",
					"parent": "armorHead",
					"pivot": [0, 32, 0],
					"cubes": [
						{
							"origin": [-8, 30.1, -1],
							"size": [16, 0, 8],
							"pivot": [0, 30.1, -1],
							"rotation": [-2.5, 0, 0],
							"uv": {
								"up": {"uv": [96, 0], "uv_size": [-16, 8]}
							}
						},
						{
							"origin": [-8, 30.1, -9],
							"size": [16, 0, 8],
							"pivot": [0, 30.1, -1],
							"rotation": [17.5, 0, 0],
							"uv": {
								"up": {"uv": [96, 8], "uv_size": [-16, 8]}
							}
						},
						{
							"origin": [-4.5, 29, -4.5],
							"size": [9, 4, 9],
							"inflate": 0.05,
							"uv": {
								"north": {"uv": [43, 12], "uv_size": [9, 4]},
								"east": {"uv": [32, 12], "uv_size": [9, 4]},
								"south": {"uv": [62, 12], "uv_size": [9, 4]},
								"west": {"uv": [52, 12], "uv_size": [9, 4]},
								"up": {"uv": [32, 0], "uv_size": [9, 9]},
								"down": {"uv": [48, 8], "uv_size": [8, -8]}
							}
						}
					]
				},
				{
					"name": "hat_rotate_1",
					"parent": "hat",
					"pivot": [-0.9, 33.1, 0],
					"rotation": [-7.5, 0, 7.5]
				},
				{
					"name": "hat_rotate_2",
					"parent": "hat_rotate_1",
					"pivot": [0.1, 37.1, 0],
					"rotation": [-9.76758, 2.15393, 12.31594]
				},
				{
					"name": "bipedBody",
					"pivot": [0, 24, 0]
				},
				{
					"name": "armorBody",
					"parent": "bipedBody",
					"pivot": [0, 24, 0],
					"cubes": [
						{
							"origin": [-4, 6, -2],
							"size": [8, 18, 4],
							"inflate": 1,
							"uv": {
								"north": {"uv": [20, 20], "uv_size": [8, 18]},
								"east": {"uv": [16, 20], "uv_size": [4, 18]},
								"south": {"uv": [32, 20], "uv_size": [8, 18]},
								"west": {"uv": [28, 20], "uv_size": [4, 18]},
								"up": {"uv": [20, 16], "uv_size": [8, 4]},
								"down": {"uv": [28, 20], "uv_size": [8, -4]}
							}
						},
						{
							"origin": [-4, 12, -2],
							"size": [8, 12, 4],
							"inflate": 0.75,
							"uv": {
								"north": {"uv": [76, 20], "uv_size": [8, 12]},
								"east": {"uv": [72, 20], "uv_size": [4, 12]},
								"south": {"uv": [88, 20], "uv_size": [8, 12]},
								"west": {"uv": [84, 20], "uv_size": [4, 12]},
								"up": {"uv": [76, 16], "uv_size": [8, 4]},
								"down": {"uv": [84, 20], "uv_size": [8, -4]}
							}
						}
					]
				},
				{
					"name": "armorLeggingTorsoLayer",
					"parent": "bipedBody",
					"pivot": [0, 24, 0],
					"cubes": [
						{
							"origin": [-4, 12, -2],
							"size": [8, 12, 4],
							"inflate": 0.4,
							"uv": {
								"north": {"uv": [20, 52], "uv_size": [8, 12]},
								"east": {"uv": [16, 52], "uv_size": [4, 12]},
								"south": {"uv": [32, 52], "uv_size": [8, 12]},
								"west": {"uv": [28, 52], "uv_size": [4, 12]},
								"up": {"uv": [20, 48], "uv_size": [8, 4]},
								"down": {"uv": [32, 68], "uv_size": [8, -4]}
							}
						}
					]
				},
				{
					"name": "bipedRightArm",
					"pivot": [-5, 22, 0]
				},
				{
					"name": "armorRightArm",
					"parent": "bipedRightArm",
					"pivot": [-5, 22, 0],
					"cubes": [
						{
							"origin": [-8, 12, -2],
							"size": [4, 12, 4],
							"inflate": 0.9,
							"uv": {
								"north": {"uv": [44, 20], "uv_size": [4, 12]},
								"east": {"uv": [40, 20], "uv_size": [4, 12]},
								"south": {"uv": [52, 20], "uv_size": [4, 12]},
								"west": {"uv": [48, 20], "uv_size": [4, 12]},
								"up": {"uv": [44, 16], "uv_size": [4, 4]},
								"down": {"uv": [48, 20], "uv_size": [4, -4]}
							}
						},
						{
							"origin": [-8, 12, -2],
							"size": [4, 12, 4],
							"inflate": 0.5,
							"uv": {
								"north": {"uv": [60, 20], "uv_size": [4, 12]},
								"east": {"uv": [56, 20], "uv_size": [4, 12]},
								"south": {"uv": [68, 20], "uv_size": [4, 12]},
								"west": {"uv": [64, 20], "uv_size": [4, 12]},
								"up": {"uv": [60, 16], "uv_size": [4, 4]},
								"down": {"uv": [64, 20], "uv_size": [4, -4]}
							}
						}
					]
				},
				{
					"name": "bipedLeftArm",
					"pivot": [5, 22, 0]
				},
				{
					"name": "armorLeftArm",
					"parent": "bipedLeftArm",
					"pivot": [5, 22, 0],
					"cubes": [
						{
							"origin": [4, 12, -2],
							"size": [4, 12, 4],
							"inflate": 0.9,
							"uv": {
								"north": {"uv": [48, 20], "uv_size": [-4, 12]},
								"east": {"uv": [52, 20], "uv_size": [-4, 12]},
								"south": {"uv": [56, 20], "uv_size": [-4, 12]},
								"west": {"uv": [44, 20], "uv_size": [-4, 12]},
								"up": {"uv": [48, 16], "uv_size": [-4, 4]},
								"down": {"uv": [52, 20], "uv_size": [-4, -4]}
							}
						},
						{
							"origin": [4, 12, -2],
							"size": [4, 12, 4],
							"inflate": 0.5,
							"uv": {
								"north": {"uv": [64, 20], "uv_size": [-4, 12]},
								"east": {"uv": [68, 20], "uv_size": [-4, 12]},
								"south": {"uv": [72, 20], "uv_size": [-4, 12]},
								"west": {"uv": [60, 20], "uv_size": [-4, 12]},
								"up": {"uv": [64, 16], "uv_size": [-4, 4]},
								"down": {"uv": [68, 20], "uv_size": [-4, -4]}
							}
						}
					]
				},
				{
					"name": "bipedLeftLeg",
					"pivot": [2, 12, 0]
				},
				{
					"name": "armorLeftLeg",
					"parent": "bipedLeftLeg",
					"pivot": [2, 12, 0],
					"cubes": [
						{
							"origin": [0, 0, -2],
							"size": [4, 12, 4],
							"inflate": 0.3,
							"uv": {
								"north": {"uv": [8, 52], "uv_size": [-4, 12]},
								"east": {"uv": [12, 52], "uv_size": [-4, 12]},
								"south": {"uv": [16, 52], "uv_size": [-4, 12]},
								"west": {"uv": [4, 52], "uv_size": [-4, 12]},
								"up": {"uv": [8, 48], "uv_size": [-4, 4]},
								"down": {"uv": [12, 52], "uv_size": [-4, -4]}
							}
						},
						{
							"origin": [0, 0, -2],
							"size": [4, 12, 4],
							"inflate": 0.35,
							"uv": {
								"north": {"uv": [28, 64], "uv_size": [4, 12]},
								"east": {"uv": [24, 64], "uv_size": [4, 12]},
								"south": {"uv": [36, 64], "uv_size": [4, 12]},
								"west": {"uv": [32, 64], "uv_size": [4, 12]}
							}
						}
					]
				},
				{
					"name": "armorLeftBoot",
					"parent": "bipedLeftLeg",
					"pivot": [2, 12, 0],
					"cubes": [
						{
							"origin": [0, 0, -2],
							"size": [4, 12, 4],
							"inflate": 0.8,
							"uv": {
								"north": {"uv": [4, 20], "uv_size": [4, 12]},
								"east": {"uv": [0, 20], "uv_size": [4, 12]},
								"south": {"uv": [12, 20], "uv_size": [4, 12]},
								"west": {"uv": [8, 20], "uv_size": [4, 12]},
								"up": {"uv": [4, 16], "uv_size": [4, 4]},
								"down": {"uv": [8, 20], "uv_size": [4, -4]}
							}
						}
					]
				},
				{
					"name": "bipedRightLeg",
					"pivot": [-2, 12, 0]
				},
				{
					"name": "armorRightLeg",
					"parent": "bipedRightLeg",
					"pivot": [-2, 12, 0],
					"cubes": [
						{
							"origin": [-4, 0, -2],
							"size": [4, 12, 4],
							"inflate": 0.3,
							"uv": {
								"north": {"uv": [4, 52], "uv_size": [4, 12]},
								"east": {"uv": [0, 52], "uv_size": [4, 12]},
								"south": {"uv": [12, 52], "uv_size": [4, 12]},
								"west": {"uv": [8, 52], "uv_size": [4, 12]},
								"up": {"uv": [4, 48], "uv_size": [4, 4]},
								"down": {"uv": [8, 52], "uv_size": [4, -4]}
							}
						},
						{
							"origin": [-4, 0, -2],
							"size": [4, 12, 4],
							"inflate": 0.35,
							"uv": {
								"north": {"uv": [32, 64], "uv_size": [-4, 12]},
								"east": {"uv": [36, 64], "uv_size": [-4, 12]},
								"south": {"uv": [40, 64], "uv_size": [-4, 12]},
								"west": {"uv": [28, 64], "uv_size": [-4, 12]}
							}
						}
					]
				},
				{
					"name": "armorRightBoot",
					"parent": "bipedRightLeg",
					"pivot": [-2, 12, 0],
					"cubes": [
						{
							"origin": [-4, 0, -2],
							"size": [4, 12, 4],
							"inflate": 0.8,
							"uv": {
								"north": {"uv": [4, 20], "uv_size": [4, 12]},
								"east": {"uv": [0, 20], "uv_size": [4, 12]},
								"south": {"uv": [12, 20], "uv_size": [4, 12]},
								"west": {"uv": [8, 20], "uv_size": [4, 12]},
								"up": {"uv": [4, 16], "uv_size": [4, 4]},
								"down": {"uv": [8, 20], "uv_size": [4, -4]}
							}
						}
					]
				}
			]
		}
	]
}