{
	"format_version": "1.12.0",
	"minecraft:geometry": [
		{
			"description": {
				"identifier": "geometry.unknown",
				"texture_width": 32,
				"texture_height": 32,
				"visible_bounds_width": 3,
				"visible_bounds_height": 4,
				"visible_bounds_offset": [0, 1, 0]
			},
			"bones": [
				{
					"name": "north",
					"pivot": [0, 0, 0],
					"rotation": [0, 37.5, 0]
				},
				{
					"name": "northBase2",
					"parent": "north",
					"pivot": [1, 0, -8],
					"cubes": [
						{
							"origin": [1, 0, -8],
							"size": [9, 7, 0],
							"uv": {
								"north": {"uv": [10, 25], "uv_size": [10, 7]},
								"east": {"uv": [2, 2], "uv_size": [0, 2]},
								"west": {"uv": [4, 2], "uv_size": [0, 2]},
								"up": {"uv": [2, 2], "uv_size": [2, 0]},
								"down": {"uv": [4, 2], "uv_size": [2, 0]}
							}
						}
					]
				},
				{
					"name": "bone5",
					"parent": "northBase2",
					"pivot": [1, 7, -8],
					"cubes": [
						{
							"origin": [1, 7, -8],
							"size": [9, 7, 0],
							"uv": {
								"north": {"uv": [10, 18], "uv_size": [10, 7]},
								"east": {"uv": [2, 2], "uv_size": [0, 2]},
								"west": {"uv": [4, 2], "uv_size": [0, 2]},
								"up": {"uv": [2, 2], "uv_size": [2, 0]},
								"down": {"uv": [4, 2], "uv_size": [2, 0]}
							}
						}
					]
				},
				{
					"name": "bone6",
					"parent": "bone5",
					"pivot": [1, 14, -8],
					"cubes": [
						{
							"origin": [1, 14, -8],
							"size": [9, 9, 0],
							"uv": {
								"north": {"uv": [10, 9], "uv_size": [10, 9]},
								"east": {"uv": [2, 2], "uv_size": [0, 2]},
								"west": {"uv": [4, 2], "uv_size": [0, 2]},
								"up": {"uv": [2, 2], "uv_size": [2, 0]},
								"down": {"uv": [4, 2], "uv_size": [2, 0]}
							}
						}
					]
				},
				{
					"name": "northBase1",
					"parent": "north",
					"pivot": [0, 0, -8],
					"cubes": [
						{
							"origin": [-8, 0, -8],
							"size": [9, 7, 0],
							"uv": {
								"north": {"uv": [0, 25], "uv_size": [10, 7]},
								"east": {"uv": [2, 2], "uv_size": [0, 2]},
								"west": {"uv": [4, 2], "uv_size": [0, 2]},
								"up": {"uv": [2, 2], "uv_size": [2, 0]},
								"down": {"uv": [4, 2], "uv_size": [2, 0]}
							}
						}
					]
				},
				{
					"name": "bone2",
					"parent": "northBase1",
					"pivot": [1, 7, -8],
					"cubes": [
						{
							"origin": [-8, 7, -8],
							"size": [9, 7, 0],
							"uv": {
								"north": {"uv": [0, 18], "uv_size": [10, 7]},
								"east": {"uv": [2, 2], "uv_size": [0, 2]},
								"west": {"uv": [4, 2], "uv_size": [0, 2]},
								"up": {"uv": [2, 2], "uv_size": [2, 0]},
								"down": {"uv": [4, 2], "uv_size": [2, 0]}
							}
						}
					]
				},
				{
					"name": "bone3",
					"parent": "bone2",
					"pivot": [1, 14, -8],
					"cubes": [
						{
							"origin": [-8, 14, -8],
							"size": [9, 9, 0],
							"uv": {
								"north": {"uv": [0, 9], "uv_size": [10, 9]},
								"east": {"uv": [2, 2], "uv_size": [0, 2]},
								"west": {"uv": [4, 2], "uv_size": [0, 2]},
								"up": {"uv": [2, 2], "uv_size": [2, 0]},
								"down": {"uv": [4, 2], "uv_size": [2, 0]}
							}
						}
					]
				},
				{
					"name": "south",
					"pivot": [0, 0, 0],
					"rotation": [0, 180, 0]
				},
				{
					"name": "southBase2",
					"parent": "south",
					"pivot": [1, 0, -8],
					"cubes": [
						{
							"origin": [1, 0, -8],
							"size": [9, 7, 0],
							"uv": {
								"north": {"uv": [10, 25], "uv_size": [10, 7]},
								"east": {"uv": [2, 2], "uv_size": [0, 2]},
								"west": {"uv": [4, 2], "uv_size": [0, 2]},
								"up": {"uv": [2, 2], "uv_size": [2, 0]},
								"down": {"uv": [4, 2], "uv_size": [2, 0]}
							}
						}
					]
				},
				{
					"name": "bone8",
					"parent": "southBase2",
					"pivot": [1, 7, -8],
					"cubes": [
						{
							"origin": [1, 7, -8],
							"size": [9, 7, 0],
							"uv": {
								"north": {"uv": [10, 18], "uv_size": [10, 7]},
								"east": {"uv": [2, 2], "uv_size": [0, 2]},
								"west": {"uv": [4, 2], "uv_size": [0, 2]},
								"up": {"uv": [2, 2], "uv_size": [2, 0]},
								"down": {"uv": [4, 2], "uv_size": [2, 0]}
							}
						}
					]
				},
				{
					"name": "bone9",
					"parent": "bone8",
					"pivot": [1, 14, -8],
					"cubes": [
						{
							"origin": [1, 14, -8],
							"size": [9, 9, 0],
							"uv": {
								"north": {"uv": [10, 9], "uv_size": [10, 9]},
								"east": {"uv": [2, 2], "uv_size": [0, 2]},
								"west": {"uv": [4, 2], "uv_size": [0, 2]},
								"up": {"uv": [2, 2], "uv_size": [2, 0]},
								"down": {"uv": [4, 2], "uv_size": [2, 0]}
							}
						}
					]
				},
				{
					"name": "southBase1",
					"parent": "south",
					"pivot": [0, 0, -8],
					"cubes": [
						{
							"origin": [-8, 0, -8],
							"size": [9, 7, 0],
							"uv": {
								"north": {"uv": [0, 25], "uv_size": [10, 7]},
								"east": {"uv": [2, 2], "uv_size": [0, 2]},
								"west": {"uv": [4, 2], "uv_size": [0, 2]},
								"up": {"uv": [2, 2], "uv_size": [2, 0]},
								"down": {"uv": [4, 2], "uv_size": [2, 0]}
							}
						}
					]
				},
				{
					"name": "bone11",
					"parent": "southBase1",
					"pivot": [1, 7, -8],
					"cubes": [
						{
							"origin": [-8, 7, -8],
							"size": [9, 7, 0],
							"uv": {
								"north": {"uv": [0, 18], "uv_size": [10, 7]},
								"east": {"uv": [2, 2], "uv_size": [0, 2]},
								"west": {"uv": [4, 2], "uv_size": [0, 2]},
								"up": {"uv": [2, 2], "uv_size": [2, 0]},
								"down": {"uv": [4, 2], "uv_size": [2, 0]}
							}
						}
					]
				},
				{
					"name": "bone12",
					"parent": "bone11",
					"pivot": [1, 14, -8],
					"cubes": [
						{
							"origin": [-8, 14, -8],
							"size": [9, 9, 0],
							"uv": {
								"north": {"uv": [0, 9], "uv_size": [10, 9]},
								"east": {"uv": [2, 2], "uv_size": [0, 2]},
								"west": {"uv": [4, 2], "uv_size": [0, 2]},
								"up": {"uv": [2, 2], "uv_size": [2, 0]},
								"down": {"uv": [4, 2], "uv_size": [2, 0]}
							}
						}
					]
				},
				{
					"name": "west",
					"pivot": [0, 0, 0],
					"rotation": [0, -90, 0]
				},
				{
					"name": "westbase2",
					"parent": "west",
					"pivot": [1, 0, -7],
					"cubes": [
						{
							"origin": [1, 0, -8],
							"size": [9, 7, 0],
							"uv": {
								"north": {"uv": [10, 25], "uv_size": [10, 7]},
								"east": {"uv": [2, 2], "uv_size": [0, 2]},
								"west": {"uv": [4, 2], "uv_size": [0, 2]},
								"up": {"uv": [2, 2], "uv_size": [2, 0]},
								"down": {"uv": [4, 2], "uv_size": [2, 0]}
							}
						}
					]
				},
				{
					"name": "bone4",
					"parent": "westbase2",
					"pivot": [1, 7, -7],
					"cubes": [
						{
							"origin": [1, 7, -8],
							"size": [9, 7, 0],
							"uv": {
								"north": {"uv": [10, 18], "uv_size": [10, 7]},
								"east": {"uv": [2, 2], "uv_size": [0, 2]},
								"west": {"uv": [4, 2], "uv_size": [0, 2]},
								"up": {"uv": [2, 2], "uv_size": [2, 0]},
								"down": {"uv": [4, 2], "uv_size": [2, 0]}
							}
						}
					]
				},
				{
					"name": "bone7",
					"parent": "bone4",
					"pivot": [1, 14, -7],
					"cubes": [
						{
							"origin": [1, 14, -8],
							"size": [9, 9, 0],
							"uv": {
								"north": {"uv": [10, 9], "uv_size": [10, 9]},
								"east": {"uv": [2, 2], "uv_size": [0, 2]},
								"west": {"uv": [4, 2], "uv_size": [0, 2]},
								"up": {"uv": [2, 2], "uv_size": [2, 0]},
								"down": {"uv": [4, 2], "uv_size": [2, 0]}
							}
						}
					]
				},
				{
					"name": "westbase1",
					"parent": "west",
					"pivot": [0, 0, -8],
					"cubes": [
						{
							"origin": [-8, 0, -8],
							"size": [9, 7, 0],
							"uv": {
								"north": {"uv": [0, 25], "uv_size": [10, 7]},
								"east": {"uv": [2, 2], "uv_size": [0, 2]},
								"west": {"uv": [4, 2], "uv_size": [0, 2]},
								"up": {"uv": [2, 2], "uv_size": [2, 0]},
								"down": {"uv": [4, 2], "uv_size": [2, 0]}
							}
						}
					]
				},
				{
					"name": "bone10",
					"parent": "westbase1",
					"pivot": [1, 7, -8],
					"cubes": [
						{
							"origin": [-8, 7, -8],
							"size": [9, 7, 0],
							"uv": {
								"north": {"uv": [0, 18], "uv_size": [10, 7]},
								"east": {"uv": [2, 2], "uv_size": [0, 2]},
								"west": {"uv": [4, 2], "uv_size": [0, 2]},
								"up": {"uv": [2, 2], "uv_size": [2, 0]},
								"down": {"uv": [4, 2], "uv_size": [2, 0]}
							}
						}
					]
				},
				{
					"name": "bone13",
					"parent": "bone10",
					"pivot": [1, 14, -8],
					"cubes": [
						{
							"origin": [-8, 14, -8],
							"size": [9, 9, 0],
							"uv": {
								"north": {"uv": [0, 9], "uv_size": [10, 9]},
								"east": {"uv": [2, 2], "uv_size": [0, 2]},
								"west": {"uv": [4, 2], "uv_size": [0, 2]},
								"up": {"uv": [2, 2], "uv_size": [2, 0]},
								"down": {"uv": [4, 2], "uv_size": [2, 0]}
							}
						}
					]
				}
			]
		}
	]
}