{
	"format_version": "1.12.0",
	"minecraft:geometry": [
		{
			"description": {
				"identifier": "geometry.unknown",
				"texture_width": 32,
				"texture_height": 32,
				"visible_bounds_width": 2,
				"visible_bounds_height": 3.5,
				"visible_bounds_offset": [0, 1.25, 0]
			},
			"bones": [
				{
					"name": "body",
					"pivot": [0, 7, 0]
				},
				{
					"name": "handle",
					"parent": "body",
					"pivot": [-0.05682, 9.15909, 0.07727],
					"cubes": [
						{
							"origin": [-0.95, 3, -0.95],
							"size": [1.9, 15, 1.9],
							"uv": {
								"north": {"uv": [0, 0], "uv_size": [1.9, 15]},
								"east": {"uv": [0, 0], "uv_size": [1.9, 15]},
								"south": {"uv": [0, 0], "uv_size": [1.9, 15]},
								"west": {"uv": [0, 0], "uv_size": [1.9, 15]}
							}
						}
					]
				},
				{
					"name": "pommel",
					"parent": "body",
					"pivot": [-0.05682, 9.15909, 0.07727],
					"cubes": [
						{
							"origin": [-1.05, 2, 1.45],
							"size": [2.1, 0.5, 0.2],
							"uv": {
								"north": {"uv": [1, 1], "uv_size": [2.1, 0.5]},
								"east": {"uv": [1, 1], "uv_size": [0.2, 0.5]},
								"south": {"uv": [3, 1], "uv_size": [2.1, 0.5]},
								"west": {"uv": [3, 1], "uv_size": [0.2, 0.5]},
								"up": {"uv": [1, 1.2], "uv_size": [2.1, -0.2]},
								"down": {"uv": [3, 1.2], "uv_size": [2.1, -0.2]}
							}
						},
						{
							"origin": [-1.05, 2, -1.65],
							"size": [2.1, 0.5, 0.2],
							"uv": {
								"north": {"uv": [0, 0], "uv_size": [2.1, 0.5]},
								"east": {"uv": [1, 1], "uv_size": [0.2, 0.5]},
								"south": {"uv": [3, 1], "uv_size": [2.1, 0.5]},
								"west": {"uv": [3, 1], "uv_size": [0.2, 0.5]},
								"up": {"uv": [1, 1.2], "uv_size": [2.1, -0.2]},
								"down": {"uv": [3, 1.2], "uv_size": [2.1, -0.2]}
							}
						},
						{
							"origin": [-1.05, 2, -1.55],
							"size": [2.1, 0.5, 0.2],
							"pivot": [0, 0, 0],
							"rotation": [0, -90, 0],
							"uv": {
								"north": {"uv": [1, 1], "uv_size": [2.1, 0.5]},
								"east": {"uv": [1, 1], "uv_size": [0.2, 0.5]},
								"south": {"uv": [3, 1], "uv_size": [2.1, 0.5]},
								"west": {"uv": [3, 1], "uv_size": [0.2, 0.5]},
								"up": {"uv": [1, 1.2], "uv_size": [2.1, -0.2]},
								"down": {"uv": [3, 1.2], "uv_size": [2.1, -0.2]}
							}
						},
						{
							"origin": [-1.05, 2, 1.35],
							"size": [2.1, 0.5, 0.2],
							"pivot": [0, 0, 0],
							"rotation": [0, -90, 0],
							"uv": {
								"north": {"uv": [1, 1], "uv_size": [2.1, 0.5]},
								"east": {"uv": [1, 1], "uv_size": [0.2, 0.5]},
								"south": {"uv": [3, 1], "uv_size": [2.1, 0.5]},
								"west": {"uv": [3, 1], "uv_size": [0.2, 0.5]},
								"up": {"uv": [1, 1.2], "uv_size": [2.1, -0.2]},
								"down": {"uv": [3, 1.2], "uv_size": [2.1, -0.2]}
							}
						},
						{
							"origin": [-0.95, 1, -0.95],
							"size": [1.9, 0.5, 1.8],
							"uv": {
								"north": {"uv": [2, 2], "uv_size": [1.9, 0.5]},
								"east": {"uv": [1, 2], "uv_size": [1.8, 0.5]},
								"south": {"uv": [4, 2], "uv_size": [1.9, 0.5]},
								"west": {"uv": [3, 2], "uv_size": [1.8, 0.5]},
								"up": {"uv": [2, 1], "uv_size": [1.9, 1.8]},
								"down": {"uv": [3, 2.8], "uv_size": [1.9, -1.8]}
							}
						},
						{
							"origin": [-1.35, 1.5, -1.45],
							"size": [2.7, 1.5, 2.9],
							"uv": {
								"north": {"uv": [3, 3], "uv_size": [2.7, 1.5]},
								"east": {"uv": [1, 3], "uv_size": [2.9, 1.5]},
								"south": {"uv": [7, 3], "uv_size": [2.7, 1.5]},
								"west": {"uv": [5, 3], "uv_size": [2.9, 1.5]},
								"up": {"uv": [3, 1], "uv_size": [2.7, 2.9]},
								"down": {"uv": [5, 3.9], "uv_size": [2.7, -2.9]}
							}
						}
					]
				},
				{
					"name": "head",
					"parent": "body",
					"pivot": [0, 21.2, 0],
					"cubes": [
						{
							"origin": [-3.45, 17.55, 3],
							"size": [6.9, 4.9, 4],
							"uv": {
								"north": {"uv": [16.9, 11], "uv_size": [-6.9, 4.9]},
								"east": {"uv": [20, 11], "uv_size": [-4, 4.9]},
								"south": {"uv": [26.9, 11], "uv_size": [-6.9, 4.9]},
								"west": {"uv": [10, 11], "uv_size": [-4, 4.9]},
								"up": {"uv": [16.9, 7], "uv_size": [-6.9, 4]},
								"down": {"uv": [22.9, 11], "uv_size": [-6.9, -4]}
							}
						},
						{
							"origin": [-3.45, 17.55, -7],
							"size": [6.9, 4.9, 4],
							"uv": {
								"north": {"uv": [16.9, 11], "uv_size": [-6.9, 4.9]},
								"east": {"uv": [20, 11], "uv_size": [-4, 4.9]},
								"south": {"uv": [26.9, 11], "uv_size": [-6.9, 4.9]},
								"west": {"uv": [10, 11], "uv_size": [-4, 4.9]},
								"up": {"uv": [16.9, 7], "uv_size": [-6.9, 4]},
								"down": {"uv": [22.9, 11], "uv_size": [-6.9, -4]}
							}
						},
						{
							"origin": [-2.75, 18, -3],
							"size": [5.5, 4, 6],
							"uv": {
								"east": {"uv": [10, 17], "uv_size": [6, 4]},
								"west": {"uv": [21, 17], "uv_size": [6, 4]},
								"up": {"uv": [16, 11], "uv_size": [5.5, 6]},
								"down": {"uv": [21, 17], "uv_size": [5.5, -6]}
							}
						}
					]
				},
				{
					"name": "point",
					"parent": "body",
					"pivot": [0, 21.2, 0],
					"cubes": [
						{
							"origin": [0, 24.5, -0.25],
							"size": [0, 0.5, 0.5],
							"uv": {
								"north": {"uv": [9, 10], "uv_size": [0, 0.5]},
								"east": {"uv": [9, 10], "uv_size": [0.5, 0.5]},
								"south": {"uv": [9, 10], "uv_size": [0, 0.5]},
								"west": {"uv": [9, 10], "uv_size": [0.5, 0.5]}
							}
						},
						{
							"origin": [0, 24, -0.5],
							"size": [0, 0.5, 1],
							"uv": {
								"north": {"uv": [1, 8], "uv_size": [0, 0.5]},
								"east": {"uv": [0, 8], "uv_size": [1, 0.5]},
								"south": {"uv": [2, 8], "uv_size": [0, 0.5]},
								"west": {"uv": [1, 8], "uv_size": [1, 0.5]},
								"up": {"uv": [1, 7], "uv_size": [0, 1]}
							}
						},
						{
							"origin": [-0.25, 23.5, -0.75],
							"size": [0.5, 0.5, 1.5],
							"uv": {
								"north": {"uv": [1, 8], "uv_size": [0.5, 0.5]},
								"east": {"uv": [0, 8], "uv_size": [1.5, 0.5]},
								"south": {"uv": [2, 8], "uv_size": [0.5, 0.5]},
								"west": {"uv": [1, 8], "uv_size": [1.5, 0.5]},
								"up": {"uv": [1.5, 7], "uv_size": [-0.5, 1.5]}
							}
						},
						{
							"origin": [-0.5, 23, -1],
							"size": [1, 0.5, 2],
							"uv": {
								"north": {"uv": [2, 9], "uv_size": [1, 0.5]},
								"east": {"uv": [0, 9], "uv_size": [2, 0.5]},
								"south": {"uv": [5, 9], "uv_size": [1, 0.5]},
								"west": {"uv": [3, 9], "uv_size": [2, 0.5]},
								"up": {"uv": [2, 7], "uv_size": [1, 2]}
							}
						},
						{
							"origin": [-0.75, 22.5, -1.25],
							"size": [1.5, 0.5, 2.5],
							"uv": {
								"north": {"uv": [2, 9], "uv_size": [1.5, 0.5]},
								"east": {"uv": [0, 9], "uv_size": [2.5, 0.5]},
								"south": {"uv": [5, 9], "uv_size": [1.5, 0.5]},
								"west": {"uv": [3, 9], "uv_size": [2.5, 0.5]},
								"up": {"uv": [2, 7], "uv_size": [1.5, 2.5]}
							}
						},
						{
							"origin": [-1, 22, -1.5],
							"size": [2, 0.5, 3],
							"uv": {
								"north": {"uv": [3, 10], "uv_size": [2, 0.5]},
								"east": {"uv": [0, 10], "uv_size": [3, 0.5]},
								"south": {"uv": [8, 10], "uv_size": [2, 0.5]},
								"west": {"uv": [5, 10], "uv_size": [3, 0.5]},
								"up": {"uv": [3, 7], "uv_size": [2, 3]}
							}
						}
					]
				}
			]
		}
	]
}