{
	"format_version": "1.12.0",
	"minecraft:geometry": [
		{
			"description": {
				"identifier": "geometry.unknown",
				"texture_width": 96,
				"texture_height": 96,
				"visible_bounds_width": 4,
				"visible_bounds_height": 3.5,
				"visible_bounds_offset": [0, 1.25, 0]
			},
			"bones": [
				{
					"name": "bipedHead",
					"pivot": [0, 24, 0]
				},
				{
					"name": "armorHead",
					"parent": "bipedHead",
					"pivot": [0, 24, 0],
					"cubes": [
						{
							"origin": [-4, 24, -4],
							"size": [8, 8, 8],
							"inflate": 1,
							"uv": {
								"north": {"uv": [8, 8], "uv_size": [8, 8]},
								"east": {"uv": [0, 8], "uv_size": [8, 8]},
								"south": {"uv": [24, 8], "uv_size": [8, 8]},
								"west": {"uv": [16, 8], "uv_size": [8, 8]},
								"up": {"uv": [8, 0], "uv_size": [8, 8]},
								"down": {"uv": [16, 8], "uv_size": [8, -8]}
							}
						}
					]
				},
				{
					"name": "hood",
					"parent": "armorHead",
					"pivot": [4, 29, 4.5],
					"rotation": [-20, 0, 0],
					"cubes": [
						{
							"origin": [-4, 29.94, 4.58],
							"size": [8, 2, 2],
							"inflate": 0.99,
							"uv": {
								"north": {"uv": [26, 10], "uv_size": [8, 2]},
								"east": {"uv": [24, 10], "uv_size": [2, 2]},
								"south": {"uv": [36, 10], "uv_size": [8, 2]},
								"west": {"uv": [34, 10], "uv_size": [2, 2]},
								"up": {"uv": [26, 8], "uv_size": [8, 2]},
								"down": {"uv": [34, 10], "uv_size": [8, -2]}
							}
						}
					]
				},
				{
					"name": "bipedBody",
					"pivot": [0, 24, 0]
				},
				{
					"name": "armorBody",
					"parent": "bipedBody",
					"pivot": [0, 24, 0],
					"cubes": [
						{
							"origin": [-4, 3, -2],
							"size": [8, 18, 4],
							"inflate": 1,
							"uv": {
								"north": {"uv": [21, 20], "uv_size": [8, 18]},
								"east": {"uv": [16, 20], "uv_size": [5, 18]},
								"south": {"uv": [34, 20], "uv_size": [8, 15]},
								"west": {"uv": [29, 20], "uv_size": [5, 18]},
								"up": {"uv": [21, 16], "uv_size": [8, 4]},
								"down": {"uv": [29, 20], "uv_size": [8, -4]}
							}
						},
						{
							"origin": [-4, 3, -3.2],
							"size": [8, 16, 4],
							"inflate": 0.99,
							"pivot": [0, 24, 0],
							"rotation": [12.5, 0, 0],
							"uv": {
								"east": {"uv": [60, 21], "uv_size": [5, 17]},
								"south": {"uv": [72, 21], "uv_size": [8, 17]},
								"west": {"uv": [67, 21], "uv_size": [5, 17]}
							}
						}
					]
				},
				{
					"name": "armorLeggingTorsoLayer",
					"parent": "bipedBody",
					"pivot": [0, 24, 0],
					"cubes": [
						{
							"origin": [-4, 12, -2],
							"size": [8, 12, 4],
							"inflate": 0.55,
							"uv": {
								"north": {"uv": [20, 52], "uv_size": [8, 12]},
								"east": {"uv": [16, 52], "uv_size": [4, 12]},
								"south": {"uv": [32, 52], "uv_size": [8, 12]},
								"west": {"uv": [28, 52], "uv_size": [4, 12]},
								"up": {"uv": [20, 48], "uv_size": [8, 4]},
								"down": {"uv": [28, 52], "uv_size": [8, -4]}
							}
						}
					]
				},
				{
					"name": "bipedRightArm",
					"pivot": [-4, 22, 0]
				},
				{
					"name": "armorRightArm",
					"parent": "bipedRightArm",
					"pivot": [-4, 22, 0],
					"cubes": [
						{
							"origin": [-8, 12, -2],
							"size": [4, 12, 4],
							"inflate": 1,
							"uv": {
								"north": {"uv": [46, 20], "uv_size": [4, 12]},
								"east": {"uv": [42, 20], "uv_size": [4, 12]},
								"south": {"uv": [54, 20], "uv_size": [4, 12]},
								"west": {"uv": [50, 20], "uv_size": [4, 12]},
								"up": {"uv": [46, 16], "uv_size": [4, 4]},
								"down": {"uv": [50, 20], "uv_size": [4, -4]}
							}
						}
					]
				},
				{
					"name": "bipedLeftArm",
					"pivot": [4, 22, 0]
				},
				{
					"name": "armorLeftArm",
					"parent": "bipedLeftArm",
					"pivot": [4, 22, 0],
					"cubes": [
						{
							"origin": [4, 12, -2],
							"size": [4, 12, 4],
							"inflate": 1,
							"uv": {
								"north": {"uv": [50, 20], "uv_size": [-4, 12]},
								"east": {"uv": [54, 20], "uv_size": [-4, 12]},
								"south": {"uv": [58, 20], "uv_size": [-4, 12]},
								"west": {"uv": [46, 20], "uv_size": [-4, 12]},
								"up": {"uv": [50, 16], "uv_size": [-4, 4]},
								"down": {"uv": [54, 20], "uv_size": [-4, -4]}
							}
						}
					]
				},
				{
					"name": "bipedLeftLeg",
					"pivot": [-2, 12, 0]
				},
				{
					"name": "armorLeftLeg",
					"parent": "bipedLeftLeg",
					"pivot": [-2, 12, 0],
					"cubes": [
						{
							"origin": [0, 0, -2],
							"size": [4, 12, 4],
							"inflate": 0.5,
							"uv": {
								"north": {"uv": [8, 52], "uv_size": [-4, 12]},
								"east": {"uv": [12, 52], "uv_size": [-4, 12]},
								"south": {"uv": [16, 52], "uv_size": [-4, 12]},
								"west": {"uv": [4, 52], "uv_size": [-4, 12]},
								"up": {"uv": [8, 48], "uv_size": [-4, 4]},
								"down": {"uv": [12, 52], "uv_size": [-4, -4]}
							}
						}
					]
				},
				{
					"name": "armorLeftBoot",
					"parent": "bipedLeftLeg",
					"pivot": [-2, 12, 0],
					"cubes": [
						{
							"origin": [0, 0, -2],
							"size": [4, 12, 4],
							"inflate": 1,
							"uv": {
								"north": {"uv": [8, 20], "uv_size": [-4, 12]},
								"east": {"uv": [0, 20], "uv_size": [4, 12]},
								"south": {"uv": [12, 20], "uv_size": [4, 12]},
								"west": {"uv": [8, 20], "uv_size": [4, 12]},
								"up": {"uv": [4, 16], "uv_size": [4, 4]},
								"down": {"uv": [8, 20], "uv_size": [4, -4]}
							}
						}
					]
				},
				{
					"name": "bipedRightLeg",
					"pivot": [2, 12, 0]
				},
				{
					"name": "armorRightLeg",
					"parent": "bipedRightLeg",
					"pivot": [2, 12, 0],
					"cubes": [
						{
							"origin": [-4, 0, -2],
							"size": [4, 12, 4],
							"inflate": 0.5,
							"uv": {
								"north": {"uv": [4, 52], "uv_size": [4, 12]},
								"east": {"uv": [0, 52], "uv_size": [4, 12]},
								"south": {"uv": [12, 52], "uv_size": [4, 12]},
								"west": {"uv": [8, 52], "uv_size": [4, 12]},
								"up": {"uv": [4, 48], "uv_size": [4, 4]},
								"down": {"uv": [8, 52], "uv_size": [4, -4]}
							}
						}
					]
				},
				{
					"name": "armorRightBoot",
					"parent": "bipedRightLeg",
					"pivot": [2, 12, 0],
					"cubes": [
						{
							"origin": [-4, 0, -2],
							"size": [4, 12, 4],
							"inflate": 1,
							"uv": {
								"north": {"uv": [4, 20], "uv_size": [4, 12]},
								"east": {"uv": [0, 20], "uv_size": [4, 12]},
								"south": {"uv": [12, 20], "uv_size": [4, 12]},
								"west": {"uv": [8, 20], "uv_size": [4, 12]},
								"up": {"uv": [4, 16], "uv_size": [4, 4]},
								"down": {"uv": [8, 20], "uv_size": [4, -4]}
							}
						}
					]
				}
			]
		}
	]
}