{
	"format_version": "1.12.0",
	"minecraft:geometry": [
		{
			"description": {
				"identifier": "geometry.unknown",
				"texture_width": 32,
				"texture_height": 32,
				"visible_bounds_width": 3,
				"visible_bounds_height": 2.5,
				"visible_bounds_offset": [0, 0.75, 0]
			},
			"bones": [
				{
					"name": "bone",
					"pivot": [0, 4.5, 0]
				},
				{
					"name": "left_wing",
					"parent": "bone",
					"pivot": [0, 4.5, 2],
					"cubes": [
						{"origin": [2, -5.5, 2], "size": [8, 8, 0], "pivot": [0, -0.5, 0], "rotation": [0, 0, -45], "uv": [16, 21], "mirror": true}
					]
				},
				{
					"name": "right_wing",
					"parent": "bone",
					"pivot": [0, 4.5, 2],
					"cubes": [
						{"origin": [-10, -5.5, 2], "size": [8, 8, 0], "pivot": [0, -0.5, 0], "rotation": [0, 0, 45], "uv": [16, 21]}
					]
				},
				{
					"name": "body",
					"parent": "bone",
					"pivot": [0, 4.5, 0],
					"cubes": [
						{"origin": [-2.5, -0.5, -2.5], "size": [5, 5, 5], "uv": [0, 0]}
					]
				}
			]
		}
	]
}