{
	"format_version": "1.12.0",
	"minecraft:geometry": [
		{
			"description": {
				"identifier": "geometry.unknown",
				"texture_width": 128,
				"texture_height": 128,
				"visible_bounds_width": 3,
				"visible_bounds_height": 4.5,
				"visible_bounds_offset": [0, 1.75, 0]
			},
			"bones": [
				{
					"name": "bipedHead",
					"pivot": [0, 24, 0]
				},
				{
					"name": "armorHead",
					"parent": "bipedHead",
					"pivot": [0, 23, 0],
					"cubes": [
						{"origin": [-7, 31, -5], "size": [13, 1, 11], "uv": [0, 0]},
						{"origin": [-5, 32, -3], "size": [9, 2, 7], "uv": [48, 0]},
						{"origin": [-4, 33, -3], "size": [7, 4, 5], "pivot": [0, 23, 0], "rotation": [-7.43656, -0.9762, 0.06344], "uv": [0, 12]},
						{"origin": [-3, 35, -5], "size": [6, 4, 4], "pivot": [0, 23, 0], "rotation": [-19.68695, -1.0512, -2.7515], "uv": [24, 12]},
						{"origin": [-2, 37, -6], "size": [3, 5, 3], "pivot": [0, 23, 0], "rotation": [-24.52996, -4.682, 1.19994], "uv": [36, 21]},
						{"origin": [-1, 42, -5], "size": [1, 1, 1], "pivot": [0, 23, 0], "rotation": [-24.52996, -4.682, 1.19994], "uv": [0, 29]},
						{"origin": [-5, 31, 6], "size": [9, 1, 1], "uv": [16, 21]},
						{"origin": [7.5, 29.5, -3], "size": [1, 1, 7], "pivot": [0, 23, 0], "rotation": [0, 0, -12.5], "uv": [42, 12]},
						{"origin": [-5, 31, -6], "size": [9, 1, 1], "uv": [16, 23]},
						{"origin": [-9.5, 29.3, -3], "size": [1, 1, 7], "pivot": [0, 23, 0], "rotation": [0, 0, 12.5], "uv": [0, 21]}
					]
				},
				{
					"name": "bipedBody",
					"pivot": [0, 24, 0]
				},
				{
					"name": "armorBody",
					"parent": "bipedBody",
					"pivot": [0, 24, 0],
					"cubes": [
						{"origin": [-5, 12, -3], "size": [10, 11, 1], "uv": [0, 32]},
						{"origin": [-5, 7, 2], "size": [10, 16, 1], "uv": [38, 0]},
						{"origin": [-5, 3, -4], "size": [10, 4.5, 1], "pivot": [0, 24, 0], "rotation": [20, 0, 0], "uv": [90, 0]},
						{"origin": [0, 23, 2], "size": [5, 1, 1], "uv": [42, 34]},
						{"origin": [0, 23, -3], "size": [5, 1, 1], "uv": [26, 25]},
						{"origin": [-5, 24, -3], "size": [10, 1, 5], "uv": [26, 25]},
						{"origin": [-5, 23, -3], "size": [5, 1, 1], "uv": [24, 5]},
						{"origin": [-5, 23, 2], "size": [5, 1, 1], "uv": [29, 6]},
						{"origin": [-6, 7, -2], "size": [1, 16, 4], "uv": [62, 52]},
						{"origin": [5, 7, -2], "size": [1, 16, 4], "uv": [62, 0]},
						{"origin": [2, 2, -2], "size": [1, 4.5, 4], "pivot": [0, 24, 0], "rotation": [0, 0, -10], "uv": [62, 0]},
						{"origin": [-3, 2, -2], "size": [1, 4.5, 4], "pivot": [0, 24, 0], "rotation": [0, 0, 10], "uv": [62, 0], "mirror": true}
					]
				},
				{
					"name": "bipedRightArm",
					"pivot": [-4, 22, 0]
				},
				{
					"name": "armorRightArm",
					"parent": "bipedRightArm",
					"pivot": [-4, 22, 0],
					"cubes": [
						{"origin": [-9, 25, -2], "size": [3, 1, 4], "uv": [24, 0]},
						{"origin": [-10, 24, -3], "size": [6, 1, 6], "uv": [50, 34]},
						{"origin": [-9, 15, -2], "size": [1, 9, 4], "uv": [42, 54]},
						{"origin": [-8, 15, -3], "size": [4, 9, 1], "uv": [72, 10]},
						{"origin": [-2, 15, 4], "size": [4, 9, 1], "pivot": [0, 24, 0], "rotation": [0, -90, 0], "uv": [72, 10]},
						{"origin": [-8, 15, 2], "size": [4, 9, 1], "uv": [72, 0]}
					]
				},
				{
					"name": "bipedLeftArm",
					"pivot": [4, 22, 0]
				},
				{
					"name": "armorLeftArm",
					"parent": "bipedLeftArm",
					"pivot": [4, 22, 0],
					"cubes": [
						{"origin": [4, 24, -3], "size": [6, 1, 6], "uv": [46, 11], "mirror": true},
						{"origin": [6, 25, -2], "size": [3, 1, 4], "uv": [62, 47], "mirror": true},
						{"origin": [8, 15, -2], "size": [1, 9, 4], "uv": [64, 18], "mirror": true},
						{"origin": [4, 15, 2], "size": [4, 9, 1], "uv": [10, 62], "mirror": true},
						{"origin": [4, 15, -3], "size": [4, 9, 1], "uv": [17, 54], "mirror": true},
						{"origin": [-2, 15, 4], "size": [4, 9, 1], "pivot": [0, 24, 0], "rotation": [0, 90, 0], "uv": [17, 54], "mirror": true}
					]
				},
				{
					"name": "bipedRightLeg",
					"pivot": [-2, 12, 0]
				},
				{
					"name": "armorRightLeg",
					"parent": "bipedRightLeg",
					"pivot": [-2, 12, 0],
					"cubes": [
						{"origin": [-4, 4, -3], "size": [4, 8, 1], "uv": [62, 32]},
						{"origin": [-4, 4, 2], "size": [4, 8, 1], "uv": [52, 56]},
						{"origin": [-5, 4, -3], "size": [1, 8, 6], "uv": [32, 44]},
						{"origin": [-1, 4, -2], "size": [1, 8, 4], "uv": [32, 44]}
					]
				},
				{
					"name": "armorRightBoot",
					"parent": "bipedRightLeg",
					"pivot": [-2, 12, 0],
					"cubes": [
						{"origin": [-5, 0, 2], "size": [5, 4, 1], "uv": [72, 36]},
						{"origin": [-5, 0, -3], "size": [5, 4, 1], "uv": [72, 40]},
						{"origin": [-4, 0, -2], "size": [3, 1, 4], "uv": [72, 40]},
						{"origin": [-5, 0, -2], "size": [1, 4, 4], "uv": [0, 59]},
						{"origin": [-1, 0, -2], "size": [1, 4, 4], "uv": [0, 59]}
					]
				},
				{
					"name": "bipedLeftLeg",
					"pivot": [2, 12, 0],
					"cubes": [
						{"origin": [-5, 12, -4], "size": [10, 3, 7], "uv": [0, 0]}
					]
				},
				{
					"name": "armorLeftLeg",
					"parent": "bipedLeftLeg",
					"pivot": [2, 12, 0],
					"cubes": [
						{"origin": [0, 4, -3], "size": [4, 8, 1], "uv": [62, 32]},
						{"origin": [0, 4, 2], "size": [4, 8, 1], "uv": [52, 56]},
						{"origin": [4, 4, -3], "size": [1, 8, 6], "uv": [32, 44]},
						{"origin": [0, 4, -2], "size": [1, 8, 4], "uv": [32, 44]}
					]
				},
				{
					"name": "armorLeftBoot",
					"parent": "bipedLeftLeg",
					"pivot": [2, 12, 0],
					"cubes": [
						{"origin": [0, 0, -3], "size": [5, 4, 1], "uv": [72, 40]},
						{"origin": [0, 0, 2], "size": [5, 4, 1], "uv": [72, 55]},
						{"origin": [1, 0, -2], "size": [3, 1, 4], "uv": [72, 55]},
						{"origin": [4, 0, -2], "size": [1, 4, 4], "uv": [26, 58]},
						{"origin": [0, 0, -2], "size": [1, 4, 4], "uv": [26, 58]}
					]
				}
			]
		}
	]
}