{
	"credit": "Made with Blockbench",
	"textures": {
		"0": "block/sweet_berry_bush_stage3",
		"1": "block/sweet_berry_bush_stage2",
		"particle": "block/sweet_berry_bush_stage3"
	},
	"elements": [
		{
			"from": [1, 0, 0],
			"to": [1, 16, 16],
			"faces": {
				"north": {"uv": [0, 0, 0, 16], "texture": "#0"},
				"east": {"uv": [0, 0, 16, 16], "texture": "#0"},
				"south": {"uv": [0, 0, 0, 16], "texture": "#0"},
				"west": {"uv": [0, 0, 16, 16], "texture": "#0"},
				"up": {"uv": [0, 0, 0, 16], "texture": "#0"},
				"down": {"uv": [0, 0, 0, 16], "texture": "#0"}
			}
		},
		{
			"from": [3, 0, 1],
			"to": [3, 14, 15],
			"faces": {
				"north": {"uv": [0, 0, 0, 16], "texture": "#1"},
				"east": {"uv": [1, 0, 15, 14], "texture": "#1"},
				"south": {"uv": [0, 0, 0, 16], "texture": "#1"},
				"west": {"uv": [1, 0, 15, 14], "texture": "#1"},
				"up": {"uv": [0, 0, 0, 14], "texture": "#1"},
				"down": {"uv": [0, 0, 0, 14], "texture": "#1"}
			}
		},
		{
			"from": [12, 0, 1],
			"to": [12, 14, 15],
			"faces": {
				"north": {"uv": [0, 0, 0, 16], "texture": "#1"},
				"east": {"uv": [1, 0, 15, 14], "texture": "#1"},
				"south": {"uv": [0, 0, 0, 16], "texture": "#1"},
				"west": {"uv": [1, 0, 15, 14], "texture": "#1"},
				"up": {"uv": [0, 0, 0, 14], "texture": "#1"},
				"down": {"uv": [0, 0, 0, 14], "texture": "#1"}
			}
		},
		{
			"from": [15, 0, 0],
			"to": [15, 16, 16],
			"faces": {
				"north": {"uv": [0, 0, 0, 16], "texture": "#0"},
				"east": {"uv": [0, 0, 16, 16], "texture": "#0"},
				"south": {"uv": [0, 0, 0, 16], "texture": "#0"},
				"west": {"uv": [0, 0, 16, 16], "texture": "#0"},
				"up": {"uv": [0, 0, 0, 16], "texture": "#0"},
				"down": {"uv": [0, 0, 0, 16], "texture": "#0"}
			}
		},
		{
			"from": [0, 0, 1],
			"to": [16, 16, 1],
			"faces": {
				"north": {"uv": [0, 0, 16, 16], "texture": "#0"},
				"east": {"uv": [0, 0, 0, 16], "texture": "#0"},
				"south": {"uv": [0, 0, 16, 16], "texture": "#0"},
				"west": {"uv": [0, 0, 0, 16], "texture": "#0"},
				"up": {"uv": [0, 0, 16, 0], "texture": "#0"},
				"down": {"uv": [0, 0, 16, 0], "texture": "#0"}
			}
		},
		{
			"from": [0, 0, 15],
			"to": [16, 16, 15],
			"faces": {
				"north": {"uv": [0, 0, 16, 16], "texture": "#0"},
				"east": {"uv": [0, 0, 0, 16], "texture": "#0"},
				"south": {"uv": [0, 0, 16, 16], "texture": "#0"},
				"west": {"uv": [0, 0, 0, 16], "texture": "#0"},
				"up": {"uv": [0, 0, 16, 0], "texture": "#0"},
				"down": {"uv": [0, 0, 16, 0], "texture": "#0"}
			}
		},
		{
			"from": [0, 15, 0],
			"to": [16, 15, 16],
			"faces": {
				"north": {"uv": [0, 0, 16, 0], "texture": "#0"},
				"east": {"uv": [0, 0, 16, 0], "texture": "#0"},
				"south": {"uv": [0, 0, 16, 0], "texture": "#0"},
				"west": {"uv": [0, 0, 16, 0], "texture": "#0"},
				"up": {"uv": [0, 0, 16, 16], "texture": "#0"},
				"down": {"uv": [0, 0, 16, 16], "texture": "#0"}
			}
		},
		{
			"from": [1, 0, 3],
			"to": [15, 14, 3],
			"faces": {
				"north": {"uv": [1, 0, 15, 14], "texture": "#1"},
				"east": {"uv": [0, 0, 0, 14], "texture": "#1"},
				"south": {"uv": [1, 0, 15, 14], "texture": "#1"},
				"west": {"uv": [0, 0, 0, 14], "texture": "#1"},
				"up": {"uv": [0, 0, 14, 0], "texture": "#1"},
				"down": {"uv": [0, 0, 14, 0], "texture": "#1"}
			}
		},
		{
			"from": [1, 0, 13],
			"to": [15, 14, 13],
			"faces": {
				"north": {"uv": [1, 0, 15, 14], "texture": "#1"},
				"east": {"uv": [0, 0, 0, 14], "texture": "#1"},
				"south": {"uv": [1, 0, 15, 14], "texture": "#1"},
				"west": {"uv": [0, 0, 0, 14], "texture": "#1"},
				"up": {"uv": [0, 0, 14, 0], "texture": "#1"},
				"down": {"uv": [0, 0, 14, 0], "texture": "#1"}
			}
		}
	]
}