{
	"credit": "Made with Blockbench",
	"textures": {
		"0": "block/sweet_berry_bush_stage2",
		"particle": "block/sweet_berry_bush_stage2"
	},
	"elements": [
		{
			"from": [1, 0, 2],
			"to": [15, 14, 2],
			"faces": {
				"north": {"uv": [1, 0, 15, 14], "texture": "#0"},
				"east": {"uv": [1, 0, 1, 14], "texture": "#0"},
				"south": {"uv": [1, 0, 15, 14], "texture": "#0"},
				"west": {"uv": [1, 0, 1, 14], "texture": "#0"},
				"up": {"uv": [1, 0, 15, 0], "texture": "#0"},
				"down": {"uv": [1, 1, 15, 1], "texture": "#0"}
			}
		},
		{
			"from": [1, 0, 14],
			"to": [15, 14, 14],
			"faces": {
				"north": {"uv": [1, 0, 15, 14], "texture": "#0"},
				"east": {"uv": [1, 0, 1, 14], "texture": "#0"},
				"south": {"uv": [1, 0, 15, 14], "texture": "#0"},
				"west": {"uv": [1, 0, 1, 14], "texture": "#0"},
				"up": {"uv": [1, 0, 15, 0], "texture": "#0"},
				"down": {"uv": [1, 1, 15, 1], "texture": "#0"}
			}
		},
		{
			"from": [2, 0, 1],
			"to": [2, 14, 15],
			"faces": {
				"north": {"uv": [0, 0, 0, 14], "texture": "#0"},
				"east": {"uv": [1, 0, 15, 14], "texture": "#0"},
				"south": {"uv": [0, 0, 0, 14], "texture": "#0"},
				"west": {"uv": [1, 0, 15, 14], "texture": "#0"},
				"up": {"uv": [0, 0, 0, 14], "texture": "#0"},
				"down": {"uv": [0, 0, 0, 14], "texture": "#0"}
			}
		},
		{
			"from": [14, 0, 1],
			"to": [14, 14, 15],
			"faces": {
				"north": {"uv": [1, 0, 1, 14], "texture": "#0"},
				"east": {"uv": [1, 0, 15, 14], "texture": "#0"},
				"south": {"uv": [1, 0, 1, 14], "texture": "#0"},
				"west": {"uv": [1, 0, 15, 14], "texture": "#0"},
				"up": {"uv": [1, 0, 1, 14], "texture": "#0"},
				"down": {"uv": [1, 1, 1, 15], "texture": "#0"}
			}
		},
		{
			"from": [1, 13, 1],
			"to": [15, 13, 15],
			"faces": {
				"north": {"uv": [1, 0, 15, 0], "texture": "#0"},
				"east": {"uv": [1, 0, 15, 0], "texture": "#0"},
				"south": {"uv": [1, 0, 15, 0], "texture": "#0"},
				"west": {"uv": [1, 0, 15, 0], "texture": "#0"},
				"up": {"uv": [1, 1, 15, 15], "texture": "#0"},
				"down": {"uv": [1, 1, 15, 15], "texture": "#0"}
			}
		}
	]
}