{
	"credit": "Made with Blockbench",
	"textures": {
		"0": "block/sweet_berry_bush_stage0",
		"particle": "block/sweet_berry_bush_stage0"
	},
	"elements": [
		{
			"from": [3, 0, 4],
			"to": [13, 8, 4],
			"faces": {
				"north": {"uv": [3, 8, 13, 16], "texture": "#0"},
				"east": {"uv": [1, 0, 1, 14], "texture": "#0"},
				"south": {"uv": [3, 8, 13, 16], "texture": "#0"},
				"west": {"uv": [1, 0, 1, 14], "texture": "#0"},
				"up": {"uv": [1, 0, 15, 0], "texture": "#0"},
				"down": {"uv": [1, 1, 15, 1], "texture": "#0"}
			}
		},
		{
			"from": [3, 0, 12],
			"to": [13, 8, 12],
			"faces": {
				"north": {"uv": [3, 8, 13, 16], "texture": "#0"},
				"east": {"uv": [1, 0, 1, 14], "texture": "#0"},
				"south": {"uv": [3, 8, 13, 16], "texture": "#0"},
				"west": {"uv": [1, 0, 1, 14], "texture": "#0"},
				"up": {"uv": [1, 0, 15, 0], "texture": "#0"},
				"down": {"uv": [1, 1, 15, 1], "texture": "#0"}
			}
		},
		{
			"from": [4, 0, 3],
			"to": [4, 8, 13],
			"faces": {
				"north": {"uv": [0, 0, 0, 14], "texture": "#0"},
				"east": {"uv": [3, 8, 13, 16], "texture": "#0"},
				"south": {"uv": [0, 0, 0, 14], "texture": "#0"},
				"west": {"uv": [3, 8, 13, 16], "texture": "#0"},
				"up": {"uv": [0, 0, 0, 14], "texture": "#0"},
				"down": {"uv": [0, 0, 0, 14], "texture": "#0"}
			}
		},
		{
			"from": [12, 0, 3],
			"to": [12, 8, 13],
			"faces": {
				"north": {"uv": [1, 0, 1, 14], "texture": "#0"},
				"east": {"uv": [3, 8, 13, 16], "texture": "#0"},
				"south": {"uv": [1, 0, 1, 14], "texture": "#0"},
				"west": {"uv": [3, 8, 13, 16], "texture": "#0"},
				"up": {"uv": [1, 0, 1, 14], "texture": "#0"},
				"down": {"uv": [1, 1, 1, 15], "texture": "#0"}
			}
		},
		{
			"from": [4, 7, 4],
			"to": [12, 7, 12],
			"faces": {
				"north": {"uv": [1, 0, 15, 0], "texture": "#0"},
				"east": {"uv": [1, 0, 15, 0], "texture": "#0"},
				"south": {"uv": [1, 0, 15, 0], "texture": "#0"},
				"west": {"uv": [1, 0, 15, 0], "texture": "#0"},
				"up": {"uv": [4, 8, 12, 16], "texture": "#0"},
				"down": {"uv": [4, 8, 12, 16], "texture": "#0"}
			}
		}
	]
}